0,19.3024,1,126.25163435935974
1,19.1652,1,126.25163435935974
2,19.175,1,126.25163435935974
3,19.1456,1,126.25163435935974
4,19.1652,1,126.25163435935974
5,19.1652,1,126.25163435935974
6,19.1456,1,126.25163435935974
7,19.1456,1,126.25163435935974
8,19.1456,1,126.25163435935974
9,19.1358,1,126.25163435935974
10,19.1162,1,126.25163435935974
11,19.1162,1,126.25163435935974
12,19.1064,1,126.25163435935974
13,19.1064,1,126.25163435935974
14,19.0966,1,126.25163435935974
15,19.0966,1,126.25163435935974
16,19.0868,1,126.25163435935974
17,19.0672,1,126.25163435935974
18,19.0672,1,126.25163435935974
19,19.0672,1,126.25163435935974
20,19.0868,1,126.25163435935974
21,19.0182,1,126.25163435935974
22,19.0182,1,126.25163435935974
23,19.0084,1,126.25163435935974
24,19.0084,1,126.25163435935974
25,19.0084,1,126.25163435935974
26,18.9986,1,126.25163435935974
27,19.0084,1,126.25163435935974
28,18.9888,1,126.25163435935974
29,18.9692,1,126.25163435935974
30,18.979,1,126.25163435935974
31,18.979,1,126.25163435935974
32,18.9692,1,126.25163435935974
33,18.9888,1,126.25163435935974
34,18.979,1,126.25163435935974
0,18.9888,0,126.25163435935974
1,18.9692,0,126.25163435935974
2,18.9594,0,126.25163435935974
3,18.9594,0,126.25163435935974
4,18.9692,0,126.25163435935974
5,18.9398,0,126.25163435935974
6,18.93,0,126.25163435935974
7,18.9202,0,126.25163435935974
8,18.9104,0,126.25163435935974
9,18.9006,0,126.25163435935974
10,18.9006,0,126.25163435935974
11,18.9104,0,126.25163435935974
12,18.9006,0,126.25163435935974
13,18.8908,0,126.25163435935974
14,18.9006,0,126.25163435935974
15,18.9104,0,126.25163435935974
16,18.8908,0,126.25163435935974
17,18.8712,0,126.25163435935974
18,18.8222,0,126.25163435935974
19,18.8124,0,126.25163435935974
20,18.8124,0,126.25163435935974
21,18.8026,0,126.25163435935974
22,18.7928,0,126.25163435935974
23,18.7928,0,126.25163435935974
24,18.7732,0,126.25163435935974
25,18.7732,0,126.25163435935974
26,18.7928,0,126.25163435935974
27,18.7732,0,126.25163435935974
28,18.7536,0,126.25163435935974
29,18.7732,0,126.25163435935974
30,18.7634,0,126.25163435935974
31,18.7536,0,126.25163435935974
32,18.7242,0,126.25163435935974
33,18.734,0,126.25163435935974
34,18.7242,0,126.25163435935974
0,18.734,0,126.25163435935974
1,18.7242,0,126.25163435935974
2,18.7144,0,126.25163435935974
3,18.6948,0,126.25163435935974
4,18.6948,0,126.25163435935974
5,18.685,0,126.25163435935974
6,18.6654,0,126.25163435935974
7,18.6556,0,126.25163435935974
8,18.6458,0,126.25163435935974
9,18.636,0,126.25163435935974
10,18.636,0,126.25163435935974
11,18.636,0,126.25163435935974
12,18.636,0,126.25163435935974
13,18.6164,0,126.25163435935974
14,18.6066,0,126.25163435935974
15,18.5478,0,126.25163435935974
16,18.5184,0,126.25163435935974
17,18.5086,0,126.25163435935974
18,18.4988,0,126.25163435935974
19,18.4988,0,126.25163435935974
20,18.4988,0,126.25163435935974
21,18.5086,0,126.25163435935974
22,18.5086,0,126.25163435935974
23,18.4694,0,126.25163435935974
24,18.4596,0,126.25163435935974
25,18.44,0,126.25163435935974
26,18.4204,0,126.25163435935974
27,18.4204,0,126.25163435935974
28,18.4106,0,126.25163435935974
29,18.4008,0,126.25163435935974
30,18.4008,0,126.25163435935974
31,18.4008,0,126.25163435935974
32,18.4106,0,126.25163435935974
33,18.4204,0,126.25163435935974
34,18.4106,0,126.25163435935974
0,18.4008,0,126.25163435935974
1,18.4008,0,126.25163435935974
2,18.4008,0,126.25163435935974
3,18.3812,0,126.25163435935974
4,18.3714,0,126.25163435935974
5,18.3812,0,126.25163435935974
6,18.3616,0,126.25163435935974
7,18.342,0,126.25163435935974
8,18.3322,0,126.25163435935974
9,18.3322,0,126.25163435935974
10,18.3322,0,126.25163435935974
11,18.342,0,126.25163435935974
12,18.3126,0,126.25163435935974
13,18.3224,0,126.25163435935974
14,18.3028,0,126.25163435935974
15,18.3028,0,126.25163435935974
16,18.293,0,126.25163435935974
17,18.3028,0,126.25163435935974
18,18.293,0,126.25163435935974
19,18.2832,0,126.25163435935974
20,18.2636,0,126.25163435935974
21,18.2734,0,126.25163435935974
22,18.2636,0,126.25163435935974
23,18.2636,0,126.25163435935974
24,18.244,0,126.25163435935974
25,18.2048,0,126.25163435935974
26,18.2048,0,126.25163435935974
27,18.1852,0,126.25163435935974
28,18.2048,0,126.25163435935974
29,18.2048,0,126.25163435935974
30,18.2048,0,126.25163435935974
31,18.1852,0,126.25163435935974
32,18.1558,0,126.25163435935974
33,18.1656,0,126.25163435935974
34,18.1558,0,126.25163435935974
0,18.1558,0,126.25163435935974
1,18.1362,0,126.25163435935974
2,18.1264,0,126.25163435935974
3,18.1068,0,126.25163435935974
4,18.097,0,126.25163435935974
5,18.0872,0,126.25163435935974
6,18.0872,0,126.25163435935974
7,18.0872,0,126.25163435935974
8,18.0872,0,126.25163435935974
9,18.0774,0,126.25163435935974
10,18.0676,0,126.25163435935974
11,18.0676,0,126.25163435935974
12,18.0676,0,126.25163435935974
13,18.0676,0,126.25163435935974
14,18.0284,0,126.25163435935974
15,18.0382,0,126.25163435935974
16,18.0284,0,126.25163435935974
17,18.0284,0,126.25163435935974
18,18.0186,0,126.25163435935974
19,18.0088,0,126.25163435935974
20,18.0088,0,126.25163435935974
21,17.9794,0,126.25163435935974
22,17.9598,0,126.25163435935974
23,17.9696,0,126.25163435935974
24,17.9598,0,126.25163435935974
25,17.9304,0,126.25163435935974
26,17.9304,0,126.25163435935974
27,17.9402,0,126.25163435935974
28,17.95,0,126.25163435935974
29,17.9402,0,126.25163435935974
30,17.9108,0,126.25163435935974
31,17.8814,0,126.25163435935974
32,17.8814,0,126.25163435935974
33,17.8716,0,126.25163435935974
34,17.8912,0,126.25163435935974
0,17.8814,0,126.25163435935974
1,17.8716,0,126.25163435935974
2,17.8814,0,126.25163435935974
3,17.8912,0,126.25163435935974
4,17.8814,0,126.25163435935974
5,17.8716,0,126.25163435935974
6,17.8716,0,126.25163435935974
7,17.852,0,126.25163435935974
8,17.852,0,126.25163435935974
9,17.852,0,126.25163435935974
10,17.8422,0,126.25163435935974
11,17.8324,0,126.25163435935974
12,17.8128,0,126.25163435935974
13,17.8226,0,126.25163435935974
14,17.8128,0,126.25163435935974
15,17.7932,0,126.25163435935974
16,17.7932,0,126.25163435935974
17,17.7932,0,126.25163435935974
18,17.7932,0,126.25163435935974
19,17.803,0,126.25163435935974
20,17.8128,0,126.25163435935974
21,17.7834,0,126.25163435935974
22,17.7736,0,126.25163435935974
23,17.7736,0,126.25163435935974
24,17.7736,0,126.25163435935974
25,17.754,0,126.25163435935974
26,17.754,0,126.25163435935974
27,17.754,0,126.25163435935974
28,17.7246,0,126.25163435935974
29,17.7344,0,126.25163435935974
30,17.7148,0,126.25163435935974
31,17.7148,0,126.25163435935974
32,17.7148,0,126.25163435935974
33,17.7148,0,126.25163435935974
34,17.6952,0,126.25163435935974
0,17.6952,0,126.25163435935974
1,17.6854,0,126.25163435935974
2,17.705,0,126.25163435935974
3,17.6952,0,126.25163435935974
4,17.6952,0,126.25163435935974
5,17.6952,0,126.25163435935974
6,17.6952,0,126.25163435935974
7,17.6854,0,126.25163435935974
8,17.6854,0,126.25163435935974
9,17.656,0,126.25163435935974
10,17.656,0,126.25163435935974
11,17.656,0,126.25163435935974
12,17.6658,0,126.25163435935974
13,17.6756,0,126.25163435935974
14,17.6756,0,126.25163435935974
15,17.6756,0,126.25163435935974
16,17.6658,0,126.25163435935974
17,17.6756,0,126.25163435935974
18,17.6658,0,126.25163435935974
19,17.656,0,126.25163435935974
20,17.656,0,126.25163435935974
21,17.6462,0,126.25163435935974
22,17.6364,0,126.25163435935974
23,17.6364,0,126.25163435935974
24,17.6364,0,126.25163435935974
25,17.6364,0,126.25163435935974
26,17.6266,0,126.25163435935974
27,17.5972,0,126.25163435935974
28,17.607,0,126.25163435935974
29,17.5776,0,126.25163435935974
30,17.5678,0,126.25163435935974
31,17.5776,0,126.25163435935974
32,17.5776,0,126.25163435935974
33,17.5776,0,126.25163435935974
34,17.5776,0,126.25163435935974
0,17.5678,0,126.25163435935974
1,17.5776,0,126.25163435935974
2,17.5776,0,126.25163435935974
3,17.5776,0,126.25163435935974
4,17.5776,0,126.25163435935974
5,17.5776,0,126.25163435935974
6,17.5678,0,126.25163435935974
7,17.5678,0,126.25163435935974
8,17.558,0,126.25163435935974
9,17.558,0,126.25163435935974
10,17.5482,0,126.25163435935974
11,17.5384,0,126.25163435935974
12,17.5482,0,126.25163435935974
13,17.509,0,126.25163435935974
14,17.509,0,126.25163435935974
15,17.509,0,126.25163435935974
16,17.509,0,126.25163435935974
17,17.5482,0,126.25163435935974
18,17.5874,0,126.25163435935974
19,17.5972,0,126.25163435935974
20,17.7442,0,126.25163435935974
21,17.754,0,126.25163435935974
22,17.7932,0,126.25163435935974
23,17.8324,0,126.25163435935974
24,17.8324,0,126.25163435935974
25,17.852,0,126.25163435935974
26,17.8618,0,126.25163435935974
27,17.852,0,126.25163435935974
28,17.8618,0,126.25163435935974
29,17.8912,0,126.25163435935974
30,17.901,0,126.25163435935974
31,17.95,0,126.25163435935974
32,17.95,0,126.25163435935974
33,17.95,0,126.25163435935974
34,17.95,0,126.25163435935974
0,17.9598,1,1247.3243865966797
1,17.9696,1,1247.3243865966797
2,17.9892,1,1247.3243865966797
3,18.0186,1,1247.3243865966797
4,18.0284,1,1247.3243865966797
5,18.0284,1,1247.3243865966797
6,18.0578,1,1247.3243865966797
7,18.1558,1,1247.3243865966797
8,18.1656,1,1247.3243865966797
9,18.3224,1,1247.3243865966797
10,18.3812,1,1247.3243865966797
11,18.4988,1,1247.3243865966797
12,18.5772,1,1247.3243865966797
13,18.5968,1,1247.3243865966797
14,18.636,1,1247.3243865966797
15,18.7732,1,1247.3243865966797
16,18.8516,1,1247.3243865966797
17,18.8614,1,1247.3243865966797
18,18.8908,1,1247.3243865966797
19,18.9202,1,1247.3243865966797
20,18.93,1,1247.3243865966797
21,18.9496,1,1247.3243865966797
22,18.9594,1,1247.3243865966797
23,19.1652,1,1247.3243865966797
24,19.1848,1,1247.3243865966797
25,19.2142,1,1247.3243865966797
26,19.2436,1,1247.3243865966797
27,19.273,1,1247.3243865966797
28,19.322,1,1247.3243865966797
29,19.3906,1,1247.3243865966797
30,19.4396,1,1247.3243865966797
31,19.4494,1,1247.3243865966797
32,19.5376,1,1247.3243865966797
33,19.5474,1,1247.3243865966797
34,19.5964,1,1247.3243865966797
0,19.665,1,1387.4603085517883
1,19.763,1,1387.4603085517883
2,19.7728,1,1387.4603085517883
3,19.7826,1,1387.4603085517883
4,19.9296,1,1387.4603085517883
5,20.0178,1,1387.4603085517883
6,20.0276,1,1387.4603085517883
7,20.0472,1,1387.4603085517883
8,20.253,1,1387.4603085517883
9,20.2824,1,1387.4603085517883
10,20.5176,1,1387.4603085517883
11,20.596,1,1387.4603085517883
12,20.6058,1,1387.4603085517883
13,20.7136,1,1387.4603085517883
14,20.7136,1,1387.4603085517883
15,20.7626,1,1387.4603085517883
16,20.8312,1,1387.4603085517883
17,20.89,1,1387.4603085517883
18,20.988000000000003,1,1387.4603085517883
19,21.2134,1,1387.4603085517883
20,21.2428,1,1387.4603085517883
21,21.282,1,1387.4603085517883
22,21.3114,1,1387.4603085517883
23,21.3114,1,1387.4603085517883
24,21.3212,1,1387.4603085517883
25,21.3212,1,1387.4603085517883
26,21.3408,1,1387.4603085517883
27,21.3702,1,1387.4603085517883
28,21.3996,1,1387.4603085517883
29,21.4388,1,1387.4603085517883
30,21.4878,1,1387.4603085517883
31,21.5172,1,1387.4603085517883
32,21.5074,1,1387.4603085517883
33,21.527,1,1387.4603085517883
34,21.5368,1,1387.4603085517883
0,21.6544,1,1527.596631526947
1,21.674,1,1527.596631526947
2,21.7132,1,1527.596631526947
3,21.7916,1,1527.596631526947
4,21.8112,1,1527.596631526947
5,21.8112,1,1527.596631526947
6,21.8896,1,1527.596631526947
7,21.8896,1,1527.596631526947
8,21.9484,1,1527.596631526947
9,22.017,1,1527.596631526947
10,22.0366,1,1527.596631526947
11,22.066,1,1527.596631526947
12,22.0856,1,1527.596631526947
13,22.115,1,1527.596631526947
14,22.0954,1,1527.596631526947
15,22.0856,1,1527.596631526947
16,22.0954,1,1527.596631526947
17,22.1346,1,1527.596631526947
18,22.1934,1,1527.596631526947
19,22.2228,1,1527.596631526947
20,22.2424,1,1527.596631526947
21,22.3012,1,1527.596631526947
22,22.36,1,1527.596631526947
23,22.458,1,1527.596631526947
24,22.4972,1,1527.596631526947
25,22.5168,1,1527.596631526947
26,22.4874,1,1527.596631526947
27,22.5952,1,1527.596631526947
28,22.6638,1,1527.596631526947
29,22.6834,1,1527.596631526947
30,22.6344,1,1527.596631526947
31,22.6442,1,1527.596631526947
32,22.7128,1,1527.596631526947
33,22.7324,1,1527.596631526947
34,22.7618,1,1527.596631526947
0,22.752,1,1667.7268559932709
1,22.7324,1,1667.7268559932709
2,22.752,1,1667.7268559932709
3,22.7912,1,1667.7268559932709
4,22.7716,1,1667.7268559932709
5,22.8108,1,1667.7268559932709
6,22.8304,1,1667.7268559932709
7,22.8794,1,1667.7268559932709
8,22.8892,1,1667.7268559932709
9,22.9872,1,1667.7268559932709
10,23.0068,1,1667.7268559932709
11,23.0264,1,1667.7268559932709
12,23.0558,1,1667.7268559932709
13,23.0754,1,1667.7268559932709
14,23.0852,1,1667.7268559932709
15,23.0852,1,1667.7268559932709
16,23.1146,1,1667.7268559932709
17,23.193,1,1667.7268559932709
18,23.2616,1,1667.7268559932709
19,23.3008,1,1667.7268559932709
20,23.3596,1,1667.7268559932709
21,23.3302,1,1667.7268559932709
22,23.34,1,1667.7268559932709
23,23.4576,1,1667.7268559932709
24,23.487,1,1667.7268559932709
25,23.5262,1,1667.7268559932709
26,23.5164,1,1667.7268559932709
27,23.6046,1,1667.7268559932709
28,23.6536,1,1667.7268559932709
29,23.683000000000003,1,1667.7268559932709
30,23.6732,1,1667.7268559932709
31,23.683000000000003,1,1667.7268559932709
32,23.732,1,1667.7268559932709
33,23.732,1,1667.7268559932709
34,23.7418,1,1667.7268559932709
0,23.8104,1,1807.86359333992
1,23.8496,1,1807.86359333992
2,23.9084,1,1807.86359333992
3,23.9182,1,1807.86359333992
4,23.9084,1,1807.86359333992
5,23.9182,1,1807.86359333992
6,23.9378,1,1807.86359333992
7,23.9574,1,1807.86359333992
8,23.9672,1,1807.86359333992
9,23.9868,1,1807.86359333992
10,24.0064,1,1807.86359333992
11,24.0162,1,1807.86359333992
12,24.1142,1,1807.86359333992
13,24.1436,1,1807.86359333992
14,24.1828,1,1807.86359333992
15,24.1828,1,1807.86359333992
16,24.0848,1,1807.86359333992
17,24.2122,1,1807.86359333992
18,24.2808,1,1807.86359333992
19,24.3984,1,1807.86359333992
20,24.32,1,1807.86359333992
21,24.3004,1,1807.86359333992
22,24.3102,1,1807.86359333992
23,24.3984,1,1807.86359333992
24,24.4572,1,1807.86359333992
25,24.4866,1,1807.86359333992
26,24.4376,1,1807.86359333992
27,24.3984,1,1807.86359333992
28,24.3886,1,1807.86359333992
29,24.4082,1,1807.86359333992
30,24.3984,1,1807.86359333992
31,24.418000000000003,1,1807.86359333992
32,24.2612,1,1807.86359333992
33,24.3494,1,1807.86359333992
34,24.5062,1,1807.86359333992
0,24.5356,0,1807.86359333992
1,24.516,0,1807.86359333992
2,24.5552,0,1807.86359333992
3,24.5552,0,1807.86359333992
4,24.565,0,1807.86359333992
5,24.5748,0,1807.86359333992
6,24.5552,0,1807.86359333992
7,24.4376,0,1807.86359333992
8,24.4474,0,1807.86359333992
9,24.4572,0,1807.86359333992
10,24.4474,0,1807.86359333992
11,24.4572,0,1807.86359333992
12,24.3886,0,1807.86359333992
13,24.3494,0,1807.86359333992
14,24.3004,0,1807.86359333992
15,24.3102,0,1807.86359333992
16,24.2808,0,1807.86359333992
17,24.2024,0,1807.86359333992
18,24.222,0,1807.86359333992
19,24.2808,0,1807.86359333992
20,24.2416,0,1807.86359333992
21,24.3102,0,1807.86359333992
22,24.3494,0,1807.86359333992
23,24.3298,0,1807.86359333992
24,24.3788,0,1807.86359333992
25,24.3592,0,1807.86359333992
26,24.3788,0,1807.86359333992
27,24.3886,0,1807.86359333992
28,24.3788,0,1807.86359333992
29,24.3984,0,1807.86359333992
30,24.3984,0,1807.86359333992
31,24.3886,0,1807.86359333992
32,24.418000000000003,0,1807.86359333992
33,24.4376,0,1807.86359333992
34,24.5258,0,1807.86359333992
0,24.5258,1,2088.130120277405
1,24.5944,1,2088.130120277405
2,24.614,1,2088.130120277405
3,24.614,1,2088.130120277405
4,24.6434,1,2088.130120277405
5,24.663,1,2088.130120277405
6,24.6532,1,2088.130120277405
7,24.6532,1,2088.130120277405
8,24.614,1,2088.130120277405
9,24.6336,1,2088.130120277405
10,24.614,1,2088.130120277405
11,24.6238,1,2088.130120277405
12,24.6042,1,2088.130120277405
13,24.5748,1,2088.130120277405
14,24.565,1,2088.130120277405
15,24.5356,1,2088.130120277405
16,24.5258,1,2088.130120277405
17,24.5552,1,2088.130120277405
18,24.4572,1,2088.130120277405
19,24.4964,1,2088.130120277405
20,24.5454,1,2088.130120277405
21,24.5748,1,2088.130120277405
22,24.5944,1,2088.130120277405
23,24.614,1,2088.130120277405
24,24.6042,1,2088.130120277405
25,24.6434,1,2088.130120277405
26,24.6336,1,2088.130120277405
27,24.6532,1,2088.130120277405
28,24.663,1,2088.130120277405
29,24.7414,1,2088.130120277405
30,24.6826,1,2088.130120277405
31,24.712,1,2088.130120277405
32,24.6728,1,2088.130120277405
33,24.663,1,2088.130120277405
34,24.5944,1,2088.130120277405
0,24.5552,0,2088.130120277405
1,24.565,0,2088.130120277405
2,24.5552,0,2088.130120277405
3,24.565,0,2088.130120277405
4,24.5944,0,2088.130120277405
5,24.6336,0,2088.130120277405
6,24.6728,0,2088.130120277405
7,24.7022,0,2088.130120277405
8,24.712,0,2088.130120277405
9,24.7022,0,2088.130120277405
10,24.761,0,2088.130120277405
11,24.7904,0,2088.130120277405
12,24.7806,0,2088.130120277405
13,24.7904,0,2088.130120277405
14,24.81,0,2088.130120277405
15,24.7806,0,2088.130120277405
16,24.712,0,2088.130120277405
17,24.7512,0,2088.130120277405
18,24.7512,0,2088.130120277405
19,24.7708,0,2088.130120277405
20,24.7904,0,2088.130120277405
21,24.7708,0,2088.130120277405
22,24.663,0,2088.130120277405
23,24.6826,0,2088.130120277405
24,24.6728,0,2088.130120277405
25,24.6434,0,2088.130120277405
26,24.6238,0,2088.130120277405
27,24.614,0,2088.130120277405
28,24.6532,0,2088.130120277405
29,24.6728,0,2088.130120277405
30,24.712,0,2088.130120277405
31,24.7512,0,2088.130120277405
32,24.7512,0,2088.130120277405
33,24.7316,0,2088.130120277405
34,24.7316,0,2088.130120277405
0,24.7218,0,2088.130120277405
1,24.7316,0,2088.130120277405
2,24.7218,0,2088.130120277405
3,24.7414,0,2088.130120277405
4,24.7904,0,2088.130120277405
5,24.7512,0,2088.130120277405
6,24.81,0,2088.130120277405
7,24.7512,0,2088.130120277405
8,24.7806,0,2088.130120277405
9,24.859,0,2088.130120277405
10,24.859,0,2088.130120277405
11,24.8492,0,2088.130120277405
12,24.8296,0,2088.130120277405
13,24.7512,0,2088.130120277405
14,24.7316,0,2088.130120277405
15,24.7316,0,2088.130120277405
16,24.6924,0,2088.130120277405
17,24.712,0,2088.130120277405
18,24.7022,0,2088.130120277405
19,24.6924,0,2088.130120277405
20,24.712,0,2088.130120277405
21,24.7414,0,2088.130120277405
22,24.8786,0,2088.130120277405
23,24.8982,0,2088.130120277405
24,24.8786,0,2088.130120277405
25,24.8786,0,2088.130120277405
26,24.8884,0,2088.130120277405
27,24.8982,0,2088.130120277405
28,24.9864,0,2088.130120277405
29,24.9864,0,2088.130120277405
30,24.9276,0,2088.130120277405
31,24.8492,0,2088.130120277405
32,24.8296,0,2088.130120277405
33,24.8002,0,2088.130120277405
34,24.712,0,2088.130120277405
0,24.712,1,2508.539551258087
1,24.7218,1,2508.539551258087
2,24.7414,1,2508.539551258087
3,24.7904,1,2508.539551258087
4,24.81,1,2508.539551258087
5,24.8394,1,2508.539551258087
6,24.8296,1,2508.539551258087
7,24.761,1,2508.539551258087
8,24.81,1,2508.539551258087
9,24.9178,1,2508.539551258087
10,24.8198,1,2508.539551258087
11,24.712,1,2508.539551258087
12,24.6728,1,2508.539551258087
13,24.6532,1,2508.539551258087
14,24.7414,1,2508.539551258087
15,24.7708,1,2508.539551258087
16,24.7806,1,2508.539551258087
17,24.9374,1,2508.539551258087
18,24.9766,1,2508.539551258087
19,24.9766,1,2508.539551258087
20,24.9864,1,2508.539551258087
21,24.9668,1,2508.539551258087
22,24.8688,1,2508.539551258087
23,24.6728,1,2508.539551258087
24,24.5356,1,2508.539551258087
25,24.5258,1,2508.539551258087
26,24.5356,1,2508.539551258087
27,24.4572,1,2508.539551258087
28,24.4376,1,2508.539551258087
29,24.2612,1,2508.539551258087
30,24.1926,1,2508.539551258087
31,24.075,1,2508.539551258087
32,24.0456,1,2508.539551258087
33,24.0456,1,2508.539551258087
34,24.0358,1,2508.539551258087
0,24.0162,0,2508.539551258087
1,23.9868,0,2508.539551258087
2,23.9084,0,2508.539551258087
3,23.8202,0,2508.539551258087
4,23.83,0,2508.539551258087
5,23.9084,0,2508.539551258087
6,23.8986,0,2508.539551258087
7,23.928,0,2508.539551258087
8,23.8692,0,2508.539551258087
9,23.7908,0,2508.539551258087
10,23.7222,0,2508.539551258087
11,23.7516,0,2508.539551258087
12,23.7712,0,2508.539551258087
13,23.8006,0,2508.539551258087
14,23.8104,0,2508.539551258087
15,23.7908,0,2508.539551258087
16,23.7614,0,2508.539551258087
17,23.7614,0,2508.539551258087
18,23.7712,0,2508.539551258087
19,23.7614,0,2508.539551258087
20,23.7516,0,2508.539551258087
21,23.732,0,2508.539551258087
22,23.732,0,2508.539551258087
23,23.6928,0,2508.539551258087
24,23.6634,0,2508.539551258087
25,23.6536,0,2508.539551258087
26,23.6144,0,2508.539551258087
27,23.7026,0,2508.539551258087
28,23.7614,0,2508.539551258087
29,23.7712,0,2508.539551258087
30,23.7614,0,2508.539551258087
31,23.7712,0,2508.539551258087
32,23.781,0,2508.539551258087
33,23.7124,0,2508.539551258087
34,23.6928,0,2508.539551258087
0,23.683000000000003,0,2508.539551258087
1,23.7124,0,2508.539551258087
2,23.732,0,2508.539551258087
3,23.7516,0,2508.539551258087
4,23.7712,0,2508.539551258087
5,23.7712,0,2508.539551258087
6,23.7026,0,2508.539551258087
7,23.683000000000003,0,2508.539551258087
8,23.634,0,2508.539551258087
9,23.6242,0,2508.539551258087
10,23.634,0,2508.539551258087
11,23.6732,0,2508.539551258087
12,23.683000000000003,0,2508.539551258087
13,23.6732,0,2508.539551258087
14,23.6732,0,2508.539551258087
15,23.6046,0,2508.539551258087
16,23.5948,0,2508.539551258087
17,23.6144,0,2508.539551258087
18,23.6438,0,2508.539551258087
19,23.6634,0,2508.539551258087
20,23.6732,0,2508.539551258087
21,23.6928,0,2508.539551258087
22,23.6634,0,2508.539551258087
23,23.6536,0,2508.539551258087
24,23.6144,0,2508.539551258087
25,23.5164,0,2508.539551258087
26,23.4968,0,2508.539551258087
27,23.4674,0,2508.539551258087
28,23.438,0,2508.539551258087
29,23.438,0,2508.539551258087
30,23.438,0,2508.539551258087
31,23.4478,0,2508.539551258087
32,23.438,0,2508.539551258087
33,23.4576,0,2508.539551258087
34,23.4576,0,2508.539551258087
0,23.3694,0,2508.539551258087
1,23.3596,0,2508.539551258087
2,23.3596,0,2508.539551258087
3,23.3596,0,2508.539551258087
4,23.34,0,2508.539551258087
5,23.3106,0,2508.539551258087
6,23.3302,0,2508.539551258087
7,23.3204,0,2508.539551258087
8,23.291,0,2508.539551258087
9,23.2812,0,2508.539551258087
10,23.2812,0,2508.539551258087
11,23.2714,0,2508.539551258087
12,23.2616,0,2508.539551258087
13,23.242,0,2508.539551258087
14,23.2224,0,2508.539551258087
15,23.2224,0,2508.539551258087
16,23.2224,0,2508.539551258087
17,23.2028,0,2508.539551258087
18,23.1832,0,2508.539551258087
19,23.1636,0,2508.539551258087
20,23.1538,0,2508.539551258087
21,23.1342,0,2508.539551258087
22,23.1244,0,2508.539551258087
23,23.0754,0,2508.539551258087
24,23.0656,0,2508.539551258087
25,23.046,0,2508.539551258087
26,23.0264,0,2508.539551258087
27,23.0166,0,2508.539551258087
28,23.0068,0,2508.539551258087
29,22.9676,0,2508.539551258087
30,22.9382,0,2508.539551258087
31,22.899,0,2508.539551258087
32,22.85,0,2508.539551258087
33,22.8402,0,2508.539551258087
34,22.8402,0,2508.539551258087
0,22.85,0,2508.539551258087
1,22.8402,0,2508.539551258087
2,22.8402,0,2508.539551258087
3,22.8304,0,2508.539551258087
4,22.8304,0,2508.539551258087
5,22.8402,0,2508.539551258087
6,22.8304,0,2508.539551258087
7,22.8206,0,2508.539551258087
8,22.7716,0,2508.539551258087
9,22.7716,0,2508.539551258087
10,22.752,0,2508.539551258087
11,22.7324,0,2508.539551258087
12,22.6932,0,2508.539551258087
13,22.6736,0,2508.539551258087
14,22.6736,0,2508.539551258087
15,22.6638,0,2508.539551258087
16,22.654,0,2508.539551258087
17,22.6344,0,2508.539551258087
18,22.6246,0,2508.539551258087
19,22.6148,0,2508.539551258087
20,22.5854,0,2508.539551258087
21,22.5168,0,2508.539551258087
22,22.5364,0,2508.539551258087
23,22.5462,0,2508.539551258087
24,22.5364,0,2508.539551258087
25,22.5266,0,2508.539551258087
26,22.5168,0,2508.539551258087
27,22.5266,0,2508.539551258087
28,22.5168,0,2508.539551258087
29,22.5168,0,2508.539551258087
30,22.4972,0,2508.539551258087
31,22.4776,0,2508.539551258087
32,22.458,0,2508.539551258087
33,22.458,0,2508.539551258087
34,22.458,0,2508.539551258087
0,22.409,0,2508.539551258087
1,22.3992,0,2508.539551258087
2,22.3796,0,2508.539551258087
3,22.36,0,2508.539551258087
4,22.3404,0,2508.539551258087
5,22.3404,0,2508.539551258087
6,22.3208,0,2508.539551258087
7,22.3012,0,2508.539551258087
8,22.2816,0,2508.539551258087
9,22.262,0,2508.539551258087
10,22.2424,0,2508.539551258087
11,22.2228,0,2508.539551258087
12,22.2228,0,2508.539551258087
13,22.213,0,2508.539551258087
14,22.2228,0,2508.539551258087
15,22.2032,0,2508.539551258087
16,22.1934,0,2508.539551258087
17,22.1836,0,2508.539551258087
18,22.164,0,2508.539551258087
19,22.164,0,2508.539551258087
20,22.1052,0,2508.539551258087
21,22.1052,0,2508.539551258087
22,22.066,0,2508.539551258087
23,22.066,0,2508.539551258087
24,22.0366,0,2508.539551258087
25,22.0268,0,2508.539551258087
26,22.0072,0,2508.539551258087
27,21.9974,0,2508.539551258087
28,21.9778,0,2508.539551258087
29,21.9778,0,2508.539551258087
30,21.9876,0,2508.539551258087
31,21.9778,0,2508.539551258087
32,21.9974,0,2508.539551258087
33,21.9876,0,2508.539551258087
34,21.968000000000004,0,2508.539551258087
0,21.8994,0,2508.539551258087
1,21.8896,0,2508.539551258087
2,21.8504,0,2508.539551258087
3,21.8308,0,2508.539551258087
4,21.8602,0,2508.539551258087
5,21.8308,0,2508.539551258087
6,21.821,0,2508.539551258087
7,21.8112,0,2508.539551258087
8,21.8112,0,2508.539551258087
9,21.8112,0,2508.539551258087
10,21.8112,0,2508.539551258087
11,21.8112,0,2508.539551258087
12,21.8112,0,2508.539551258087
13,21.821,0,2508.539551258087
14,21.821,0,2508.539551258087
15,21.8112,0,2508.539551258087
16,21.8308,0,2508.539551258087
17,21.8112,0,2508.539551258087
18,21.8112,0,2508.539551258087
19,21.8112,0,2508.539551258087
20,21.8112,0,2508.539551258087
21,21.7524,0,2508.539551258087
22,21.7328,0,2508.539551258087
23,21.7132,0,2508.539551258087
24,21.723000000000003,0,2508.539551258087
25,21.7132,0,2508.539551258087
26,21.7132,0,2508.539551258087
27,21.7132,0,2508.539551258087
28,21.6936,0,2508.539551258087
29,21.674,0,2508.539551258087
30,21.6054,0,2508.539551258087
31,21.6054,0,2508.539551258087
32,21.5368,0,2508.539551258087
33,21.5368,0,2508.539551258087
34,21.478,0,2508.539551258087
0,21.4584,0,2508.539551258087
1,21.4584,0,2508.539551258087
2,21.429,0,2508.539551258087
3,21.4094,0,2508.539551258087
4,21.4192,0,2508.539551258087
5,21.3996,0,2508.539551258087
6,21.38,0,2508.539551258087
7,21.331,0,2508.539551258087
8,21.3212,0,2508.539551258087
9,21.282,0,2508.539551258087
10,21.2722,0,2508.539551258087
11,21.2918,0,2508.539551258087
12,21.2918,0,2508.539551258087
13,21.282,0,2508.539551258087
14,21.2722,0,2508.539551258087
15,21.2722,0,2508.539551258087
16,21.184,0,2508.539551258087
17,21.2134,0,2508.539551258087
18,21.2036,0,2508.539551258087
19,21.2036,0,2508.539551258087
20,21.2036,0,2508.539551258087
21,21.1938,0,2508.539551258087
22,21.1742,0,2508.539551258087
23,21.1644,0,2508.539551258087
24,21.1546,0,2508.539551258087
25,21.135,0,2508.539551258087
26,21.1154,0,2508.539551258087
27,21.1056,0,2508.539551258087
28,21.1252,0,2508.539551258087
29,21.1252,0,2508.539551258087
30,21.1056,0,2508.539551258087
31,21.0762,0,2508.539551258087
32,21.086,0,2508.539551258087
33,21.086,0,2508.539551258087
34,21.086,0,2508.539551258087
0,21.086,0,2508.539551258087
1,21.086,0,2508.539551258087
2,21.086,0,2508.539551258087
3,21.0762,0,2508.539551258087
4,21.0664,0,2508.539551258087
5,21.0566,0,2508.539551258087
6,21.0664,0,2508.539551258087
7,21.0664,0,2508.539551258087
8,21.0566,0,2508.539551258087
9,21.0468,0,2508.539551258087
10,21.0468,0,2508.539551258087
11,21.0468,0,2508.539551258087
12,21.0468,0,2508.539551258087
13,21.037,0,2508.539551258087
14,21.0076,0,2508.539551258087
15,21.0076,0,2508.539551258087
16,20.9978,0,2508.539551258087
17,20.9978,0,2508.539551258087
18,20.9978,0,2508.539551258087
19,20.9782,0,2508.539551258087
20,20.9782,0,2508.539551258087
21,20.988000000000003,0,2508.539551258087
22,20.9684,0,2508.539551258087
23,20.9586,0,2508.539551258087
24,20.9586,0,2508.539551258087
25,20.9684,0,2508.539551258087
26,20.9488,0,2508.539551258087
27,20.9488,0,2508.539551258087
28,20.939,0,2508.539551258087
29,20.9194,0,2508.539551258087
30,20.89,0,2508.539551258087
31,20.89,0,2508.539551258087
32,20.89,0,2508.539551258087
33,20.89,0,2508.539551258087
34,20.89,0,2508.539551258087
0,20.8704,0,2508.539551258087
1,20.8508,0,2508.539551258087
2,20.8508,0,2508.539551258087
3,20.841,0,2508.539551258087
4,20.8312,0,2508.539551258087
5,20.8312,0,2508.539551258087
6,20.8214,0,2508.539551258087
7,20.792,0,2508.539551258087
8,20.8018,0,2508.539551258087
9,20.8018,0,2508.539551258087
10,20.8018,0,2508.539551258087
11,20.792,0,2508.539551258087
12,20.792,0,2508.539551258087
13,20.7724,0,2508.539551258087
14,20.7724,0,2508.539551258087
15,20.7528,0,2508.539551258087
16,20.7528,0,2508.539551258087
17,20.7528,0,2508.539551258087
18,20.7528,0,2508.539551258087
19,20.743,0,2508.539551258087
20,20.743,0,2508.539551258087
21,20.7332,0,2508.539551258087
22,20.7332,0,2508.539551258087
23,20.7332,0,2508.539551258087
24,20.7234,0,2508.539551258087
25,20.7038,0,2508.539551258087
26,20.7136,0,2508.539551258087
27,20.7136,0,2508.539551258087
28,20.694000000000003,0,2508.539551258087
29,20.7038,0,2508.539551258087
30,20.7038,0,2508.539551258087
31,20.694000000000003,0,2508.539551258087
32,20.694000000000003,0,2508.539551258087
33,20.6744,0,2508.539551258087
34,20.6842,0,2508.539551258087
0,20.6646,0,2508.539551258087
1,20.6548,0,2508.539551258087
2,20.6548,0,2508.539551258087
3,20.6548,0,2508.539551258087
4,20.6646,0,2508.539551258087
5,20.6352,0,2508.539551258087
6,20.6352,0,2508.539551258087
7,20.6254,0,2508.539551258087
8,20.6254,0,2508.539551258087
9,20.6058,0,2508.539551258087
10,20.596,0,2508.539551258087
11,20.596,0,2508.539551258087
12,20.596,0,2508.539551258087
13,20.596,0,2508.539551258087
14,20.5862,0,2508.539551258087
15,20.5764,0,2508.539551258087
16,20.5764,0,2508.539551258087
17,20.5764,0,2508.539551258087
18,20.5764,0,2508.539551258087
19,20.5764,0,2508.539551258087
20,20.5568,0,2508.539551258087
21,20.5568,0,2508.539551258087
22,20.5372,0,2508.539551258087
23,20.5372,0,2508.539551258087
24,20.547,0,2508.539551258087
25,20.5372,0,2508.539551258087
26,20.5372,0,2508.539551258087
27,20.5274,0,2508.539551258087
28,20.5176,0,2508.539551258087
29,20.5176,0,2508.539551258087
30,20.5078,0,2508.539551258087
31,20.498,0,2508.539551258087
32,20.498,0,2508.539551258087
33,20.4784,0,2508.539551258087
34,20.4784,0,2508.539551258087
0,20.4784,0,2508.539551258087
1,20.4784,0,2508.539551258087
2,20.4686,0,2508.539551258087
3,20.4588,0,2508.539551258087
4,20.4588,0,2508.539551258087
5,20.4784,0,2508.539551258087
6,20.4686,0,2508.539551258087
7,20.4588,0,2508.539551258087
8,20.4392,0,2508.539551258087
9,20.4294,0,2508.539551258087
10,20.4392,0,2508.539551258087
11,20.4294,0,2508.539551258087
12,20.4392,0,2508.539551258087
13,20.4196,0,2508.539551258087
14,20.4098,0,2508.539551258087
15,20.4098,0,2508.539551258087
16,20.4,0,2508.539551258087
17,20.3902,0,2508.539551258087
18,20.3902,0,2508.539551258087
19,20.4,0,2508.539551258087
20,20.4,0,2508.539551258087
21,20.4,0,2508.539551258087
22,20.3902,0,2508.539551258087
23,20.3902,0,2508.539551258087
24,20.3902,0,2508.539551258087
25,20.3804,0,2508.539551258087
26,20.3804,0,2508.539551258087
27,20.3804,0,2508.539551258087
28,20.3706,0,2508.539551258087
29,20.3804,0,2508.539551258087
30,20.3902,0,2508.539551258087
31,20.3706,0,2508.539551258087
32,20.3706,0,2508.539551258087
33,20.3706,0,2508.539551258087
34,20.3804,0,2508.539551258087
0,20.3804,0,2508.539551258087
1,20.3804,0,2508.539551258087
2,20.3804,0,2508.539551258087
3,20.3608,0,2508.539551258087
4,20.351,0,2508.539551258087
5,20.3412,0,2508.539551258087
6,20.3412,0,2508.539551258087
7,20.3412,0,2508.539551258087
8,20.3412,0,2508.539551258087
9,20.3314,0,2508.539551258087
10,20.3314,0,2508.539551258087
11,20.3314,0,2508.539551258087
12,20.3412,0,2508.539551258087
13,20.3314,0,2508.539551258087
14,20.3216,0,2508.539551258087
15,20.3216,0,2508.539551258087
16,20.3216,0,2508.539551258087
17,20.3216,0,2508.539551258087
18,20.3412,0,2508.539551258087
19,20.3216,0,2508.539551258087
20,20.3216,0,2508.539551258087
21,20.3216,0,2508.539551258087
22,20.3118,0,2508.539551258087
23,20.3118,0,2508.539551258087
24,20.3118,0,2508.539551258087
25,20.3118,0,2508.539551258087
26,20.302,0,2508.539551258087
27,20.3118,0,2508.539551258087
28,20.3216,0,2508.539551258087
29,20.3216,0,2508.539551258087
30,20.3216,0,2508.539551258087
31,20.3118,0,2508.539551258087
32,20.3216,0,2508.539551258087
33,20.302,0,2508.539551258087
34,20.302,0,2508.539551258087
0,20.302,0,2508.539551258087
1,20.2922,0,2508.539551258087
2,20.302,0,2508.539551258087
3,20.302,0,2508.539551258087
4,20.2824,0,2508.539551258087
5,20.2824,0,2508.539551258087
6,20.2824,0,2508.539551258087
7,20.2726,0,2508.539551258087
8,20.2726,0,2508.539551258087
9,20.2824,0,2508.539551258087
10,20.2726,0,2508.539551258087
11,20.2726,0,2508.539551258087
12,20.2726,0,2508.539551258087
13,20.2628,0,2508.539551258087
14,20.2628,0,2508.539551258087
15,20.2432,0,2508.539551258087
16,20.2432,0,2508.539551258087
17,20.2432,0,2508.539551258087
18,20.2432,0,2508.539551258087
19,20.2236,0,2508.539551258087
20,20.2236,0,2508.539551258087
21,20.2236,0,2508.539551258087
22,20.2236,0,2508.539551258087
23,20.2236,0,2508.539551258087
24,20.2236,0,2508.539551258087
25,20.2236,0,2508.539551258087
26,20.2236,0,2508.539551258087
27,20.1942,0,2508.539551258087
28,20.1844,0,2508.539551258087
29,20.1844,0,2508.539551258087
30,20.1844,0,2508.539551258087
31,20.1844,0,2508.539551258087
32,20.1942,0,2508.539551258087
33,20.1746,0,2508.539551258087
34,20.1746,0,2508.539551258087
0,20.1844,0,2508.539551258087
1,20.1942,0,2508.539551258087
2,20.1746,0,2508.539551258087
3,20.1746,0,2508.539551258087
4,20.1648,0,2508.539551258087
5,20.1648,0,2508.539551258087
6,20.155,0,2508.539551258087
7,20.155,0,2508.539551258087
8,20.1648,0,2508.539551258087
9,20.1452,0,2508.539551258087
10,20.1452,0,2508.539551258087
11,20.1452,0,2508.539551258087
12,20.1256,0,2508.539551258087
13,20.0962,0,2508.539551258087
14,20.106,0,2508.539551258087
15,20.0962,0,2508.539551258087
16,20.0962,0,2508.539551258087
17,20.106,0,2508.539551258087
18,20.0962,0,2508.539551258087
19,20.0962,0,2508.539551258087
20,20.106,0,2508.539551258087
21,20.0962,0,2508.539551258087
22,20.106,0,2508.539551258087
23,20.0962,0,2508.539551258087
24,20.106,0,2508.539551258087
25,20.0864,0,2508.539551258087
26,20.0864,0,2508.539551258087
27,20.0864,0,2508.539551258087
28,20.0864,0,2508.539551258087
29,20.106,0,2508.539551258087
30,20.0864,0,2508.539551258087
31,20.0864,0,2508.539551258087
32,20.0766,0,2508.539551258087
33,20.0864,0,2508.539551258087
34,20.0766,0,2508.539551258087
0,20.0766,0,2508.539551258087
1,20.0766,0,2508.539551258087
2,20.0766,0,2508.539551258087
3,20.0766,0,2508.539551258087
4,20.0668,0,2508.539551258087
5,20.0668,0,2508.539551258087
6,20.0472,0,2508.539551258087
7,20.0374,0,2508.539551258087
8,20.0374,0,2508.539551258087
9,20.008,0,2508.539551258087
10,19.9982,0,2508.539551258087
11,19.9884,0,2508.539551258087
12,19.9884,0,2508.539551258087
13,19.9884,0,2508.539551258087
14,19.9884,0,2508.539551258087
15,19.9884,0,2508.539551258087
16,19.9786,0,2508.539551258087
17,19.9786,0,2508.539551258087
18,19.9492,0,2508.539551258087
19,19.959,0,2508.539551258087
20,19.9492,0,2508.539551258087
21,19.9492,0,2508.539551258087
22,19.9394,0,2508.539551258087
23,19.9198,0,2508.539551258087
24,19.9198,0,2508.539551258087
25,19.9002,0,2508.539551258087
26,19.91,0,2508.539551258087
27,19.91,0,2508.539551258087
28,19.9002,0,2508.539551258087
29,19.91,0,2508.539551258087
30,19.9002,0,2508.539551258087
31,19.91,0,2508.539551258087
32,19.8904,0,2508.539551258087
33,19.8806,0,2508.539551258087
34,19.8708,0,2508.539551258087
0,19.8708,0,2508.539551258087
1,19.8806,0,2508.539551258087
2,19.8806,0,2508.539551258087
3,19.861,0,2508.539551258087
4,19.8512,0,2508.539551258087
5,19.8316,0,2508.539551258087
6,19.812,0,2508.539551258087
7,19.812,0,2508.539551258087
8,19.7924,0,2508.539551258087
9,19.8022,0,2508.539551258087
10,19.812,0,2508.539551258087
11,19.7924,0,2508.539551258087
12,19.7826,0,2508.539551258087
13,19.7826,0,2508.539551258087
14,19.7924,0,2508.539551258087
15,19.7924,0,2508.539551258087
16,19.7728,0,2508.539551258087
17,19.7728,0,2508.539551258087
18,19.763,0,2508.539551258087
19,19.763,0,2508.539551258087
20,19.7532,0,2508.539551258087
21,19.7532,0,2508.539551258087
22,19.763,0,2508.539551258087
23,19.7728,0,2508.539551258087
24,19.7532,0,2508.539551258087
25,19.7434,0,2508.539551258087
26,19.7434,0,2508.539551258087
27,19.7532,0,2508.539551258087
28,19.7532,0,2508.539551258087
29,19.7336,0,2508.539551258087
30,19.7336,0,2508.539551258087
31,19.7238,0,2508.539551258087
32,19.714,0,2508.539551258087
33,19.7042,0,2508.539551258087
34,19.714,0,2508.539551258087
0,19.7042,0,2508.539551258087
1,19.7042,0,2508.539551258087
2,19.7042,0,2508.539551258087
3,19.714,0,2508.539551258087
4,19.7042,0,2508.539551258087
5,19.6846,0,2508.539551258087
6,19.6748,0,2508.539551258087
7,19.6552,0,2508.539551258087
8,19.6552,0,2508.539551258087
9,19.6552,0,2508.539551258087
10,19.6552,0,2508.539551258087
11,19.6552,0,2508.539551258087
12,19.6454,0,2508.539551258087
13,19.6552,0,2508.539551258087
14,19.616,0,2508.539551258087
15,19.616,0,2508.539551258087
16,19.6356,0,2508.539551258087
17,19.616,0,2508.539551258087
18,19.5964,0,2508.539551258087
19,19.6062,0,2508.539551258087
20,19.6062,0,2508.539551258087
21,19.5964,0,2508.539551258087
22,19.5964,0,2508.539551258087
23,19.5964,0,2508.539551258087
24,19.5768,0,2508.539551258087
25,19.5768,0,2508.539551258087
26,19.5866,0,2508.539551258087
27,19.5768,0,2508.539551258087
28,19.5768,0,2508.539551258087
29,19.5964,0,2508.539551258087
30,19.5768,0,2508.539551258087
31,19.5866,0,2508.539551258087
32,19.567,0,2508.539551258087
33,19.5572,0,2508.539551258087
34,19.5572,0,2508.539551258087
0,19.5376,0,2508.539551258087
1,19.5082,0,2508.539551258087
2,19.4886,0,2508.539551258087
3,19.4886,0,2508.539551258087
4,19.4984,0,2508.539551258087
5,19.518,0,2508.539551258087
6,19.4984,0,2508.539551258087
7,19.4984,0,2508.539551258087
8,19.5082,0,2508.539551258087
9,19.4984,0,2508.539551258087
10,19.4984,0,2508.539551258087
11,19.5082,0,2508.539551258087
12,19.4984,0,2508.539551258087
13,19.4984,0,2508.539551258087
14,19.4984,0,2508.539551258087
15,19.4984,0,2508.539551258087
16,19.469,0,2508.539551258087
17,19.4592,0,2508.539551258087
18,19.469,0,2508.539551258087
19,19.469,0,2508.539551258087
20,19.4984,0,2508.539551258087
21,19.4886,0,2508.539551258087
22,19.4788,0,2508.539551258087
23,19.469,0,2508.539551258087
24,19.4886,0,2508.539551258087
25,19.4592,0,2508.539551258087
26,19.4592,0,2508.539551258087
27,19.469,0,2508.539551258087
28,19.4592,0,2508.539551258087
29,19.4494,0,2508.539551258087
30,19.4494,0,2508.539551258087
31,19.42,0,2508.539551258087
32,19.4396,0,2508.539551258087
33,19.4396,0,2508.539551258087
34,19.4396,0,2508.539551258087
0,19.4396,0,2508.539551258087
1,19.4102,0,2508.539551258087
2,19.4102,0,2508.539551258087
3,19.4004,0,2508.539551258087
4,19.42,0,2508.539551258087
5,19.4004,0,2508.539551258087
6,19.4004,0,2508.539551258087
7,19.4004,0,2508.539551258087
8,19.42,0,2508.539551258087
9,19.4004,0,2508.539551258087
10,19.4004,0,2508.539551258087
11,19.4102,0,2508.539551258087
12,19.3808,0,2508.539551258087
13,19.3808,0,2508.539551258087
14,19.3808,0,2508.539551258087
15,19.3808,0,2508.539551258087
16,19.3906,0,2508.539551258087
17,19.3612,0,2508.539551258087
18,19.3514,0,2508.539551258087
19,19.3514,0,2508.539551258087
20,19.3416,0,2508.539551258087
21,19.322,0,2508.539551258087
22,19.322,0,2508.539551258087
23,19.3024,0,2508.539551258087
24,19.3024,0,2508.539551258087
25,19.3122,0,2508.539551258087
26,19.3024,0,2508.539551258087
27,19.3024,0,2508.539551258087
28,19.3024,0,2508.539551258087
29,19.3122,0,2508.539551258087
30,19.3024,0,2508.539551258087
31,19.3024,0,2508.539551258087
32,19.3024,0,2508.539551258087
33,19.2926,0,2508.539551258087
34,19.273,0,2508.539551258087
0,19.2828,0,2508.539551258087
1,19.273,0,2508.539551258087
2,19.273,0,2508.539551258087
3,19.2632,0,2508.539551258087
4,19.273,0,2508.539551258087
5,19.273,0,2508.539551258087
6,19.2632,0,2508.539551258087
7,19.2632,0,2508.539551258087
8,19.2436,0,2508.539551258087
9,19.2142,0,2508.539551258087
10,19.224,0,2508.539551258087
11,19.224,0,2508.539551258087
12,19.2338,0,2508.539551258087
13,19.2338,0,2508.539551258087
14,19.224,0,2508.539551258087
15,19.224,0,2508.539551258087
16,19.2142,0,2508.539551258087
17,19.2044,0,2508.539551258087
18,19.224,0,2508.539551258087
19,19.2142,0,2508.539551258087
20,19.224,0,2508.539551258087
21,19.2436,0,2508.539551258087
22,19.224,0,2508.539551258087
23,19.2142,0,2508.539551258087
24,19.1848,0,2508.539551258087
25,19.1946,0,2508.539551258087
26,19.175,0,2508.539551258087
27,19.1848,0,2508.539551258087
28,19.1848,0,2508.539551258087
29,19.175,0,2508.539551258087
30,19.1554,0,2508.539551258087
31,19.1554,0,2508.539551258087
32,19.126,0,2508.539551258087
33,19.1456,0,2508.539551258087
34,19.126,0,2508.539551258087
0,19.1358,0,2508.539551258087
1,19.1358,0,2508.539551258087
2,19.1162,0,2508.539551258087
3,19.1064,0,2508.539551258087
4,19.1162,0,2508.539551258087
5,19.1162,0,2508.539551258087
6,19.1064,0,2508.539551258087
7,19.1064,0,2508.539551258087
8,19.1064,0,2508.539551258087
9,19.126,0,2508.539551258087
10,19.1162,0,2508.539551258087
11,19.1064,0,2508.539551258087
12,19.1064,0,2508.539551258087
13,19.1064,0,2508.539551258087
14,19.1064,0,2508.539551258087
15,19.0868,0,2508.539551258087
16,19.0868,0,2508.539551258087
17,19.077,0,2508.539551258087
18,19.0868,0,2508.539551258087
19,19.077,0,2508.539551258087
20,19.077,0,2508.539551258087
21,19.0868,0,2508.539551258087
22,19.0868,0,2508.539551258087
23,19.0672,0,2508.539551258087
24,19.0574,0,2508.539551258087
25,19.0672,0,2508.539551258087
26,19.0574,0,2508.539551258087
27,19.0574,0,2508.539551258087
28,19.0574,0,2508.539551258087
29,19.0476,0,2508.539551258087
30,19.028,0,2508.539551258087
31,19.028,0,2508.539551258087
32,19.0182,0,2508.539551258087
33,19.028,0,2508.539551258087
34,19.028,0,2508.539551258087
0,19.028,0,2508.539551258087
1,19.028,0,2508.539551258087
2,19.0084,0,2508.539551258087
3,19.0084,0,2508.539551258087
4,18.979,0,2508.539551258087
5,18.9692,0,2508.539551258087
6,18.9496,0,2508.539551258087
7,18.9398,0,2508.539551258087
8,18.93,0,2508.539551258087
9,18.93,0,2508.539551258087
10,18.9104,0,2508.539551258087
11,18.9006,0,2508.539551258087
12,18.8908,0,2508.539551258087
13,18.8908,0,2508.539551258087
14,18.881,0,2508.539551258087
15,18.8516,0,2508.539551258087
16,18.8614,0,2508.539551258087
17,18.8516,0,2508.539551258087
18,18.8516,0,2508.539551258087
19,18.8614,0,2508.539551258087
20,18.8712,0,2508.539551258087
21,18.8614,0,2508.539551258087
22,18.8516,0,2508.539551258087
23,18.8516,0,2508.539551258087
24,18.8418,0,2508.539551258087
25,18.832,0,2508.539551258087
26,18.8418,0,2508.539551258087
27,18.8124,0,2508.539551258087
28,18.8124,0,2508.539551258087
29,18.8222,0,2508.539551258087
30,18.8124,0,2508.539551258087
31,18.7928,0,2508.539551258087
32,18.8026,0,2508.539551258087
33,18.8026,0,2508.539551258087
34,18.8124,0,2508.539551258087
0,18.8026,0,2508.539551258087
1,18.7928,0,2508.539551258087
2,18.783,0,2508.539551258087
3,18.7732,0,2508.539551258087
4,18.7732,0,2508.539551258087
5,18.7536,0,2508.539551258087
6,18.7634,0,2508.539551258087
7,18.7438,0,2508.539551258087
8,18.7438,0,2508.539551258087
9,18.734,0,2508.539551258087
10,18.7438,0,2508.539551258087
11,18.734,0,2508.539551258087
12,18.7242,0,2508.539551258087
13,18.7144,0,2508.539551258087
14,18.6948,0,2508.539551258087
15,18.685,0,2508.539551258087
16,18.6752,0,2508.539551258087
17,18.6752,0,2508.539551258087
18,18.6752,0,2508.539551258087
19,18.685,0,2508.539551258087
20,18.6752,0,2508.539551258087
21,18.6752,0,2508.539551258087
22,18.685,0,2508.539551258087
23,18.685,0,2508.539551258087
24,18.6556,0,2508.539551258087
25,18.636,0,2508.539551258087
26,18.636,0,2508.539551258087
27,18.6458,0,2508.539551258087
28,18.636,0,2508.539551258087
29,18.636,0,2508.539551258087
30,18.636,0,2508.539551258087
31,18.6262,0,2508.539551258087
32,18.636,0,2508.539551258087
33,18.6066,0,2508.539551258087
34,18.6164,0,2508.539551258087
0,18.6262,0,2508.539551258087
1,18.587,0,2508.539551258087
2,18.5772,0,2508.539551258087
3,18.5772,0,2508.539551258087
4,18.587,0,2508.539551258087
5,18.5772,0,2508.539551258087
6,18.587,0,2508.539551258087
7,18.5772,0,2508.539551258087
8,18.5772,0,2508.539551258087
9,18.5772,0,2508.539551258087
10,18.5576,0,2508.539551258087
11,18.5576,0,2508.539551258087
12,18.5478,0,2508.539551258087
13,18.538,0,2508.539551258087
14,18.5282,0,2508.539551258087
15,18.5184,0,2508.539551258087
16,18.5086,0,2508.539551258087
17,18.5184,0,2508.539551258087
18,18.5086,0,2508.539551258087
19,18.5086,0,2508.539551258087
20,18.4988,0,2508.539551258087
21,18.4988,0,2508.539551258087
22,18.5184,0,2508.539551258087
23,18.4988,0,2508.539551258087
24,18.4988,0,2508.539551258087
25,18.5184,0,2508.539551258087
26,18.4988,0,2508.539551258087
27,18.4988,0,2508.539551258087
28,18.489,0,2508.539551258087
29,18.489,0,2508.539551258087
30,18.4792,0,2508.539551258087
31,18.489,0,2508.539551258087
32,18.4792,0,2508.539551258087
33,18.4792,0,2508.539551258087
34,18.4694,0,2508.539551258087
0,18.4792,0,2508.539551258087
1,18.4596,0,2508.539551258087
2,18.44,0,2508.539551258087
3,18.4302,0,2508.539551258087
4,18.4302,0,2508.539551258087
5,18.44,0,2508.539551258087
6,18.4498,0,2508.539551258087
7,18.44,0,2508.539551258087
8,18.4302,0,2508.539551258087
9,18.4498,0,2508.539551258087
10,18.44,0,2508.539551258087
11,18.4498,0,2508.539551258087
12,18.44,0,2508.539551258087
13,18.44,0,2508.539551258087
14,18.4302,0,2508.539551258087
15,18.4302,0,2508.539551258087
16,18.44,0,2508.539551258087
17,18.4302,0,2508.539551258087
18,18.4204,0,2508.539551258087
19,18.4204,0,2508.539551258087
20,18.4204,0,2508.539551258087
21,18.4106,0,2508.539551258087
22,18.4106,0,2508.539551258087
23,18.4106,0,2508.539551258087
24,18.4106,0,2508.539551258087
25,18.4008,0,2508.539551258087
26,18.3812,0,2508.539551258087
27,18.3812,0,2508.539551258087
28,18.3714,0,2508.539551258087
29,18.3616,0,2508.539551258087
30,18.3616,0,2508.539551258087
31,18.342,0,2508.539551258087
32,18.342,0,2508.539551258087
33,18.342,0,2508.539551258087
34,18.3224,0,2508.539551258087
0,18.342,0,2508.539551258087
1,18.3322,0,2508.539551258087
2,18.342,0,2508.539551258087
3,18.3322,0,2508.539551258087
4,18.3028,0,2508.539551258087
5,18.3126,0,2508.539551258087
6,18.3028,0,2508.539551258087
7,18.3322,0,2508.539551258087
8,18.3224,0,2508.539551258087
9,18.3322,0,2508.539551258087
10,18.3126,0,2508.539551258087
11,18.3224,0,2508.539551258087
12,18.3028,0,2508.539551258087
13,18.293,0,2508.539551258087
14,18.3028,0,2508.539551258087
15,18.293,0,2508.539551258087
16,18.2832,0,2508.539551258087
17,18.293,0,2508.539551258087
18,18.2832,0,2508.539551258087
19,18.2734,0,2508.539551258087
20,18.2636,0,2508.539551258087
21,18.2636,0,2508.539551258087
22,18.2636,0,2508.539551258087
23,18.2538,0,2508.539551258087
24,18.244,0,2508.539551258087
25,18.2538,0,2508.539551258087
26,18.2342,0,2508.539551258087
27,18.2244,0,2508.539551258087
28,18.2342,0,2508.539551258087
29,18.2244,0,2508.539551258087
30,18.2244,0,2508.539551258087
31,18.2244,0,2508.539551258087
32,18.2244,0,2508.539551258087
33,18.244,0,2508.539551258087
34,18.244,0,2508.539551258087
0,18.244,0,2508.539551258087
1,18.244,0,2508.539551258087
2,18.244,0,2508.539551258087
3,18.2244,0,2508.539551258087
4,18.2146,0,2508.539551258087
5,18.2048,0,2508.539551258087
6,18.1852,0,2508.539551258087
7,18.1754,0,2508.539551258087
8,18.1656,0,2508.539551258087
9,18.1754,0,2508.539551258087
10,18.1656,0,2508.539551258087
11,18.1558,0,2508.539551258087
12,18.1558,0,2508.539551258087
13,18.1656,0,2508.539551258087
14,18.1656,0,2508.539551258087
15,18.1558,0,2508.539551258087
16,18.1558,0,2508.539551258087
17,18.1558,0,2508.539551258087
18,18.146,0,2508.539551258087
19,18.146,0,2508.539551258087
20,18.146,0,2508.539551258087
21,18.1754,0,2508.539551258087
22,18.1852,0,2508.539551258087
23,18.1558,0,2508.539551258087
24,18.1558,0,2508.539551258087
25,18.1558,0,2508.539551258087
26,18.146,0,2508.539551258087
27,18.1558,0,2508.539551258087
28,18.146,0,2508.539551258087
29,18.146,0,2508.539551258087
30,18.1362,0,2508.539551258087
31,18.146,0,2508.539551258087
32,18.146,0,2508.539551258087
33,18.1362,0,2508.539551258087
34,18.1264,0,2508.539551258087
0,18.1264,0,2508.539551258087
1,18.1362,0,2508.539551258087
2,18.1264,0,2508.539551258087
3,18.1264,0,2508.539551258087
4,18.1166,0,2508.539551258087
5,18.1068,0,2508.539551258087
6,18.1068,0,2508.539551258087
7,18.097,0,2508.539551258087
8,18.1068,0,2508.539551258087
9,18.097,0,2508.539551258087
10,18.097,0,2508.539551258087
11,18.097,0,2508.539551258087
12,18.1068,0,2508.539551258087
13,18.1068,0,2508.539551258087
14,18.0872,0,2508.539551258087
15,18.0872,0,2508.539551258087
16,18.0774,0,2508.539551258087
17,18.0872,0,2508.539551258087
18,18.0676,0,2508.539551258087
19,18.0676,0,2508.539551258087
20,18.0676,0,2508.539551258087
21,18.0578,0,2508.539551258087
22,18.0676,0,2508.539551258087
23,17.999000000000002,0,2508.539551258087
24,17.999000000000002,0,2508.539551258087
25,18.0088,0,2508.539551258087
26,18.0088,0,2508.539551258087
27,17.999000000000002,0,2508.539551258087
28,18.0186,0,2508.539551258087
29,18.0284,0,2508.539551258087
30,18.0088,0,2508.539551258087
31,18.0088,0,2508.539551258087
32,18.0284,0,2508.539551258087
33,18.0186,0,2508.539551258087
34,18.0284,0,2508.539551258087
0,18.0284,0,2508.539551258087
1,18.0284,0,2508.539551258087
2,18.0284,0,2508.539551258087
3,18.0284,0,2508.539551258087
4,18.0186,0,2508.539551258087
5,18.0186,0,2508.539551258087
6,18.0186,0,2508.539551258087
7,18.0088,0,2508.539551258087
8,18.0088,0,2508.539551258087
9,18.0088,0,2508.539551258087
10,18.0088,0,2508.539551258087
11,17.9892,0,2508.539551258087
12,17.9892,0,2508.539551258087
13,17.9892,0,2508.539551258087
14,17.9794,0,2508.539551258087
15,18.0088,0,2508.539551258087
16,17.9892,0,2508.539551258087
17,17.9892,0,2508.539551258087
18,17.9794,0,2508.539551258087
19,17.9696,0,2508.539551258087
20,17.95,0,2508.539551258087
21,17.95,0,2508.539551258087
22,17.9598,0,2508.539551258087
23,17.9696,0,2508.539551258087
24,17.9696,0,2508.539551258087
25,17.9304,0,2508.539551258087
26,17.9304,0,2508.539551258087
27,17.95,0,2508.539551258087
28,17.9304,0,2508.539551258087
29,17.9304,0,2508.539551258087
30,17.9598,0,2508.539551258087
31,17.9304,0,2508.539551258087
32,17.95,0,2508.539551258087
33,17.9402,0,2508.539551258087
34,17.9304,0,2508.539551258087
0,17.9304,0,2508.539551258087
1,17.9304,0,2508.539551258087
2,17.9206,0,2508.539551258087
3,17.9206,0,2508.539551258087
4,17.9108,0,2508.539551258087
5,17.901,0,2508.539551258087
6,17.8814,0,2508.539551258087
7,17.8716,0,2508.539551258087
8,17.8814,0,2508.539551258087
9,17.8716,0,2508.539551258087
10,17.8716,0,2508.539551258087
11,17.8716,0,2508.539551258087
12,17.8814,0,2508.539551258087
13,17.8716,0,2508.539551258087
14,17.8814,0,2508.539551258087
15,17.8814,0,2508.539551258087
16,17.8716,0,2508.539551258087
17,17.8716,0,2508.539551258087
18,17.8716,0,2508.539551258087
19,17.8716,0,2508.539551258087
20,17.8716,0,2508.539551258087
21,17.8814,0,2508.539551258087
22,17.8716,0,2508.539551258087
23,17.852,0,2508.539551258087
24,17.8716,0,2508.539551258087
25,17.852,0,2508.539551258087
26,17.8618,0,2508.539551258087
27,17.852,0,2508.539551258087
28,17.852,0,2508.539551258087
29,17.852,0,2508.539551258087
30,17.8422,0,2508.539551258087
31,17.8324,0,2508.539551258087
32,17.8128,0,2508.539551258087
33,17.8226,0,2508.539551258087
34,17.8128,0,2508.539551258087
0,17.8128,0,2508.539551258087
1,17.8226,0,2508.539551258087
2,17.8128,0,2508.539551258087
3,17.8324,0,2508.539551258087
4,17.8324,0,2508.539551258087
5,17.8324,0,2508.539551258087
6,17.8324,0,2508.539551258087
7,17.8128,0,2508.539551258087
8,17.803,0,2508.539551258087
9,17.8128,0,2508.539551258087
10,17.8128,0,2508.539551258087
11,17.803,0,2508.539551258087
12,17.803,0,2508.539551258087
13,17.803,0,2508.539551258087
14,17.7932,0,2508.539551258087
15,17.7834,0,2508.539551258087
16,17.7736,0,2508.539551258087
17,17.7736,0,2508.539551258087
18,17.7736,0,2508.539551258087
19,17.7834,0,2508.539551258087
20,17.7736,0,2508.539551258087
21,17.7736,0,2508.539551258087
22,17.7736,0,2508.539551258087
23,17.7736,0,2508.539551258087
24,17.7834,0,2508.539551258087
25,17.7736,0,2508.539551258087
26,17.7736,0,2508.539551258087
27,17.7638,0,2508.539551258087
28,17.7638,0,2508.539551258087
29,17.7736,0,2508.539551258087
30,17.7442,0,2508.539551258087
31,17.7344,0,2508.539551258087
32,17.7442,0,2508.539551258087
33,17.754,0,2508.539551258087
34,17.7442,0,2508.539551258087
0,17.7442,0,2508.539551258087
1,17.7344,0,2508.539551258087
2,17.7344,0,2508.539551258087
3,17.7148,0,2508.539551258087
4,17.7344,0,2508.539551258087
5,17.7148,0,2508.539551258087
6,17.6952,0,2508.539551258087
7,17.6952,0,2508.539551258087
8,17.6952,0,2508.539551258087
9,17.705,0,2508.539551258087
10,17.6952,0,2508.539551258087
11,17.6854,0,2508.539551258087
12,17.6952,0,2508.539551258087
13,17.6952,0,2508.539551258087
14,17.6952,0,2508.539551258087
15,17.6854,0,2508.539551258087
16,17.6756,0,2508.539551258087
17,17.6952,0,2508.539551258087
18,17.6854,0,2508.539551258087
19,17.6658,0,2508.539551258087
20,17.656,0,2508.539551258087
21,17.656,0,2508.539551258087
22,17.656,0,2508.539551258087
23,17.6364,0,2508.539551258087
24,17.6168,0,2508.539551258087
25,17.6364,0,2508.539551258087
26,17.6168,0,2508.539551258087
27,17.6168,0,2508.539551258087
28,17.6168,0,2508.539551258087
29,17.6168,0,2508.539551258087
30,17.6266,0,2508.539551258087
31,17.6364,0,2508.539551258087
32,17.6364,0,2508.539551258087
33,17.6168,0,2508.539551258087
34,17.5972,0,2508.539551258087
0,17.607,0,2508.539551258087
1,17.5972,0,2508.539551258087
2,17.607,0,2508.539551258087
3,17.5972,0,2508.539551258087
4,17.5874,0,2508.539551258087
5,17.5678,0,2508.539551258087
6,17.5776,0,2508.539551258087
7,17.5678,0,2508.539551258087
8,17.5678,0,2508.539551258087
9,17.558,0,2508.539551258087
10,17.558,0,2508.539551258087
11,17.558,0,2508.539551258087
12,17.558,0,2508.539551258087
13,17.558,0,2508.539551258087
14,17.5384,0,2508.539551258087
15,17.5384,0,2508.539551258087
16,17.5188,0,2508.539551258087
17,17.5384,0,2508.539551258087
18,17.5384,0,2508.539551258087
19,17.5384,0,2508.539551258087
20,17.5482,0,2508.539551258087
21,17.5384,0,2508.539551258087
22,17.5384,0,2508.539551258087
23,17.5188,0,2508.539551258087
24,17.5188,0,2508.539551258087
25,17.5188,0,2508.539551258087
26,17.5188,0,2508.539551258087
27,17.5188,0,2508.539551258087
28,17.509,0,2508.539551258087
29,17.4992,0,2508.539551258087
30,17.4894,0,2508.539551258087
31,17.4992,0,2508.539551258087
32,17.509,0,2508.539551258087
33,17.509,0,2508.539551258087
34,17.4992,0,2508.539551258087
0,17.4894,0,2508.539551258087
1,17.4992,0,2508.539551258087
2,17.4992,0,2508.539551258087
3,17.4796,0,2508.539551258087
4,17.4992,0,2508.539551258087
5,17.4894,0,2508.539551258087
6,17.509,0,2508.539551258087
7,17.4992,0,2508.539551258087
8,17.509,0,2508.539551258087
9,17.4992,0,2508.539551258087
10,17.4698,0,2508.539551258087
11,17.4796,0,2508.539551258087
12,17.4796,0,2508.539551258087
13,17.4894,0,2508.539551258087
14,17.4992,0,2508.539551258087
15,17.4992,0,2508.539551258087
16,17.509,0,2508.539551258087
17,17.4992,0,2508.539551258087
18,17.4796,0,2508.539551258087
19,17.4992,0,2508.539551258087
20,17.4796,0,2508.539551258087
21,17.4796,0,2508.539551258087
22,17.4796,0,2508.539551258087
23,17.4796,0,2508.539551258087
24,17.4698,0,2508.539551258087
25,17.4894,0,2508.539551258087
26,17.4992,0,2508.539551258087
27,17.5286,0,2508.539551258087
28,17.5188,0,2508.539551258087
29,17.5188,0,2508.539551258087
30,17.4992,0,2508.539551258087
31,17.5188,0,2508.539551258087
32,17.509,0,2508.539551258087
33,17.4992,0,2508.539551258087
34,17.4992,0,2508.539551258087
0,17.4796,0,2508.539551258087
1,17.4698,0,2508.539551258087
2,17.4796,0,2508.539551258087
3,17.4796,0,2508.539551258087
4,17.4796,0,2508.539551258087
5,17.46,0,2508.539551258087
6,17.4796,0,2508.539551258087
7,17.4894,0,2508.539551258087
8,17.4992,0,2508.539551258087
9,17.4796,0,2508.539551258087
10,17.4796,0,2508.539551258087
11,17.4796,0,2508.539551258087
12,17.4796,0,2508.539551258087
13,17.4796,0,2508.539551258087
14,17.4698,0,2508.539551258087
15,17.46,0,2508.539551258087
16,17.4698,0,2508.539551258087
17,17.4796,0,2508.539551258087
18,17.46,0,2508.539551258087
19,17.4502,0,2508.539551258087
20,17.4698,0,2508.539551258087
21,17.46,0,2508.539551258087
22,17.46,0,2508.539551258087
23,17.4404,0,2508.539551258087
24,17.46,0,2508.539551258087
25,17.4698,0,2508.539551258087
26,17.4796,0,2508.539551258087
27,17.46,0,2508.539551258087
28,17.46,0,2508.539551258087
29,17.4698,0,2508.539551258087
30,17.46,0,2508.539551258087
31,17.4698,0,2508.539551258087
32,17.46,0,2508.539551258087
33,17.46,0,2508.539551258087
34,17.46,0,2508.539551258087
0,17.4698,0,2508.539551258087
1,17.4698,0,2508.539551258087
2,17.4698,0,2508.539551258087
3,17.46,0,2508.539551258087
4,17.4502,0,2508.539551258087
5,17.46,0,2508.539551258087
6,17.4502,0,2508.539551258087
7,17.4698,0,2508.539551258087
8,17.4698,0,2508.539551258087
9,17.4796,0,2508.539551258087
10,17.46,0,2508.539551258087
11,17.46,0,2508.539551258087
12,17.46,0,2508.539551258087
13,17.4698,0,2508.539551258087
14,17.4796,0,2508.539551258087
15,17.4894,0,2508.539551258087
16,17.4992,0,2508.539551258087
17,17.4894,0,2508.539551258087
18,17.4992,0,2508.539551258087
19,17.4992,0,2508.539551258087
20,17.5188,0,2508.539551258087
21,17.4992,0,2508.539551258087
22,17.5188,0,2508.539551258087
23,17.5188,0,2508.539551258087
24,17.5188,0,2508.539551258087
25,17.5188,0,2508.539551258087
26,17.5188,0,2508.539551258087
27,17.5188,0,2508.539551258087
28,17.5384,0,2508.539551258087
29,17.5286,0,2508.539551258087
30,17.5384,0,2508.539551258087
31,17.5384,0,2508.539551258087
32,17.5482,0,2508.539551258087
33,17.5286,0,2508.539551258087
34,17.558,0,2508.539551258087
0,17.558,0,2508.539551258087
1,17.5776,0,2508.539551258087
2,17.5972,0,2508.539551258087
3,17.5972,0,2508.539551258087
4,17.6266,0,2508.539551258087
5,17.6364,0,2508.539551258087
6,17.6364,0,2508.539551258087
7,17.656,0,2508.539551258087
8,17.6364,0,2508.539551258087
9,17.6658,0,2508.539551258087
10,17.6756,0,2508.539551258087
11,17.6854,0,2508.539551258087
12,17.6854,0,2508.539551258087
13,17.7148,0,2508.539551258087
14,17.7246,0,2508.539551258087
15,17.7344,0,2508.539551258087
16,17.754,0,2508.539551258087
17,17.7736,0,2508.539551258087
18,17.7932,0,2508.539551258087
19,17.7932,0,2508.539551258087
20,17.8324,0,2508.539551258087
21,17.8716,0,2508.539551258087
22,17.8814,0,2508.539551258087
23,17.901,0,2508.539551258087
24,17.8912,0,2508.539551258087
25,17.9108,0,2508.539551258087
26,17.9304,0,2508.539551258087
27,17.95,0,2508.539551258087
28,18.0088,0,2508.539551258087
29,18.0088,0,2508.539551258087
30,18.0382,0,2508.539551258087
31,18.0578,0,2508.539551258087
32,18.0872,0,2508.539551258087
33,18.1166,0,2508.539551258087
34,18.146,0,2508.539551258087
0,18.1656,0,2508.539551258087
1,18.244,0,2508.539551258087
2,18.2636,0,2508.539551258087
3,18.3126,0,2508.539551258087
4,18.3518,0,2508.539551258087
5,18.3714,0,2508.539551258087
6,18.4008,0,2508.539551258087
7,18.4694,0,2508.539551258087
8,18.5968,0,2508.539551258087
9,18.6262,0,2508.539551258087
10,18.6556,0,2508.539551258087
11,18.6948,0,2508.539551258087
12,18.734,0,2508.539551258087
13,18.7536,0,2508.539551258087
14,18.8222,0,2508.539551258087
15,18.9398,0,2508.539551258087
16,19.0476,0,2508.539551258087
17,19.1064,0,2508.539551258087
18,19.1358,0,2508.539551258087
19,19.175,0,2508.539551258087
20,19.2044,0,2508.539551258087
21,19.2338,0,2508.539551258087
22,19.2534,0,2508.539551258087
23,19.3612,0,2508.539551258087
24,19.4004,0,2508.539551258087
25,19.4298,0,2508.539551258087
26,19.4494,0,2508.539551258087
27,19.4788,0,2508.539551258087
28,19.5082,0,2508.539551258087
29,19.5572,0,2508.539551258087
30,19.5866,0,2508.539551258087
31,19.616,0,2508.539551258087
32,19.6552,0,2508.539551258087
33,19.714,0,2508.539551258087
34,19.7728,0,2508.539551258087
0,19.8512,1,7973.829710960388
1,19.8806,1,7973.829710960388
2,19.91,1,7973.829710960388
3,19.9492,1,7973.829710960388
4,19.9688,1,7973.829710960388
5,19.9786,1,7973.829710960388
6,19.9688,1,7973.829710960388
7,19.9688,1,7973.829710960388
8,19.9884,1,7973.829710960388
9,20.0276,1,7973.829710960388
10,20.057,1,7973.829710960388
11,20.1256,1,7973.829710960388
12,20.1844,1,7973.829710960388
13,20.2138,1,7973.829710960388
14,20.2138,1,7973.829710960388
15,20.2236,1,7973.829710960388
16,20.2236,1,7973.829710960388
17,20.2628,1,7973.829710960388
18,20.302,1,7973.829710960388
19,20.3216,1,7973.829710960388
20,20.3412,1,7973.829710960388
21,20.3706,1,7973.829710960388
22,20.3804,1,7973.829710960388
23,20.4392,1,7973.829710960388
24,20.5078,1,7973.829710960388
25,20.5274,1,7973.829710960388
26,20.5568,1,7973.829710960388
27,20.5568,1,7973.829710960388
28,20.5666,1,7973.829710960388
29,20.5568,1,7973.829710960388
30,20.5568,1,7973.829710960388
31,20.5568,1,7973.829710960388
32,20.5862,1,7973.829710960388
33,20.6058,1,7973.829710960388
34,20.6058,1,7973.829710960388
0,20.6156,0,7973.829710960388
1,20.6156,0,7973.829710960388
2,20.6254,0,7973.829710960388
3,20.6156,0,7973.829710960388
4,20.6254,0,7973.829710960388
5,20.645,0,7973.829710960388
6,20.6352,0,7973.829710960388
7,20.645,0,7973.829710960388
8,20.6156,0,7973.829710960388
9,20.6058,0,7973.829710960388
10,20.5764,0,7973.829710960388
11,20.4882,0,7973.829710960388
12,20.4588,0,7973.829710960388
13,20.4392,0,7973.829710960388
14,20.4196,0,7973.829710960388
15,20.3804,0,7973.829710960388
16,20.351,0,7973.829710960388
17,20.302,0,7973.829710960388
18,20.2726,0,7973.829710960388
19,20.253,0,7973.829710960388
20,20.1942,0,7973.829710960388
21,20.1844,0,7973.829710960388
22,20.1354,0,7973.829710960388
23,20.0864,0,7973.829710960388
24,20.0668,0,7973.829710960388
25,20.0374,0,7973.829710960388
26,20.0178,0,7973.829710960388
27,19.9982,0,7973.829710960388
28,19.9786,0,7973.829710960388
29,19.9688,0,7973.829710960388
30,19.8414,0,7973.829710960388
31,19.8022,0,7973.829710960388
32,19.8022,0,7973.829710960388
33,19.7826,0,7973.829710960388
34,19.8022,0,7973.829710960388
0,19.8218,0,7973.829710960388
1,19.8316,0,7973.829710960388
2,19.861,0,7973.829710960388
3,19.9002,0,7973.829710960388
4,19.9296,0,7973.829710960388
5,19.9786,0,7973.829710960388
6,19.9884,0,7973.829710960388
7,20.008,0,7973.829710960388
8,20.0374,0,7973.829710960388
9,20.0472,0,7973.829710960388
10,20.106,0,7973.829710960388
11,20.106,0,7973.829710960388
12,20.1256,0,7973.829710960388
13,20.1354,0,7973.829710960388
14,20.155,0,7973.829710960388
15,20.2236,0,7973.829710960388
16,20.2432,0,7973.829710960388
17,20.2432,0,7973.829710960388
18,20.2824,0,7973.829710960388
19,20.302,0,7973.829710960388
20,20.3216,0,7973.829710960388
21,20.3608,0,7973.829710960388
22,20.4588,0,7973.829710960388
23,20.498,0,7973.829710960388
24,20.5176,0,7973.829710960388
25,20.5568,0,7973.829710960388
26,20.5666,0,7973.829710960388
27,20.596,0,7973.829710960388
28,20.6254,0,7973.829710960388
29,20.645,0,7973.829710960388
30,20.7136,0,7973.829710960388
31,20.7038,0,7973.829710960388
32,20.6744,0,7973.829710960388
33,20.7528,0,7973.829710960388
34,20.8312,0,7973.829710960388
0,20.8606,1,8394.246452331543
1,20.89,1,8394.246452331543
2,20.9096,1,8394.246452331543
3,20.8802,1,8394.246452331543
4,20.8802,1,8394.246452331543
5,20.8704,1,8394.246452331543
6,20.8802,1,8394.246452331543
7,20.8704,1,8394.246452331543
8,20.8704,1,8394.246452331543
9,20.8704,1,8394.246452331543
10,20.8802,1,8394.246452331543
11,20.9096,1,8394.246452331543
12,20.9586,1,8394.246452331543
13,20.9782,1,8394.246452331543
14,20.988000000000003,1,8394.246452331543
15,21.0076,1,8394.246452331543
16,21.0076,1,8394.246452331543
17,21.0174,1,8394.246452331543
18,21.0076,1,8394.246452331543
19,21.0272,1,8394.246452331543
20,21.0468,1,8394.246452331543
21,21.0566,1,8394.246452331543
22,20.9978,1,8394.246452331543
23,21.037,1,8394.246452331543
24,21.0468,1,8394.246452331543
25,21.0566,1,8394.246452331543
26,21.086,1,8394.246452331543
27,21.0468,1,8394.246452331543
28,21.0468,1,8394.246452331543
29,21.0664,1,8394.246452331543
30,21.0762,1,8394.246452331543
31,21.0958,1,8394.246452331543
32,21.086,1,8394.246452331543
33,21.1056,1,8394.246452331543
34,21.184,1,8394.246452331543
0,21.1938,1,8534.38036942482
1,21.184,1,8534.38036942482
2,21.184,1,8534.38036942482
3,21.1448,1,8534.38036942482
4,21.1644,1,8534.38036942482
5,21.1644,1,8534.38036942482
6,21.184,1,8534.38036942482
7,21.1938,1,8534.38036942482
8,21.1938,1,8534.38036942482
9,21.1938,1,8534.38036942482
10,21.2036,1,8534.38036942482
11,21.2134,1,8534.38036942482
12,21.233,1,8534.38036942482
13,21.2232,1,8534.38036942482
14,21.2232,1,8534.38036942482
15,21.2232,1,8534.38036942482
16,21.233,1,8534.38036942482
17,21.184,1,8534.38036942482
18,21.1938,1,8534.38036942482
19,21.2428,1,8534.38036942482
20,21.2036,1,8534.38036942482
21,21.2232,1,8534.38036942482
22,21.2232,1,8534.38036942482
23,21.2036,1,8534.38036942482
24,21.2134,1,8534.38036942482
25,21.2134,1,8534.38036942482
26,21.2428,1,8534.38036942482
27,21.2526,1,8534.38036942482
28,21.2428,1,8534.38036942482
29,21.2624,1,8534.38036942482
30,21.2624,1,8534.38036942482
31,21.2526,1,8534.38036942482
32,21.2428,1,8534.38036942482
33,21.233,1,8534.38036942482
34,21.2428,1,8534.38036942482
0,21.2624,0,8534.38036942482
1,21.2722,0,8534.38036942482
2,21.2722,0,8534.38036942482
3,21.2624,0,8534.38036942482
4,21.2722,0,8534.38036942482
5,21.2624,0,8534.38036942482
6,21.2526,0,8534.38036942482
7,21.2624,0,8534.38036942482
8,21.2624,0,8534.38036942482
9,21.2428,0,8534.38036942482
10,21.2526,0,8534.38036942482
11,21.233,0,8534.38036942482
12,21.1742,0,8534.38036942482
13,21.1252,0,8534.38036942482
14,21.086,0,8534.38036942482
15,21.0664,0,8534.38036942482
16,21.086,0,8534.38036942482
17,21.0566,0,8534.38036942482
18,21.0664,0,8534.38036942482
19,21.0664,0,8534.38036942482
20,21.0566,0,8534.38036942482
21,21.1252,0,8534.38036942482
22,21.1644,0,8534.38036942482
23,21.184,0,8534.38036942482
24,21.2624,0,8534.38036942482
25,21.2722,0,8534.38036942482
26,21.2722,0,8534.38036942482
27,21.2918,0,8534.38036942482
28,21.282,0,8534.38036942482
29,21.3212,0,8534.38036942482
30,21.331,0,8534.38036942482
31,21.3408,0,8534.38036942482
32,21.3212,0,8534.38036942482
33,21.331,0,8534.38036942482
34,21.3408,0,8534.38036942482
0,21.3604,0,8534.38036942482
1,21.3604,0,8534.38036942482
2,21.3408,0,8534.38036942482
3,21.3604,0,8534.38036942482
4,21.38,0,8534.38036942482
5,21.3996,0,8534.38036942482
6,21.3996,0,8534.38036942482
7,21.38,0,8534.38036942482
8,21.38,0,8534.38036942482
9,21.38,0,8534.38036942482
10,21.331,0,8534.38036942482
11,21.3114,0,8534.38036942482
12,21.3016,0,8534.38036942482
13,21.3212,0,8534.38036942482
14,21.3408,0,8534.38036942482
15,21.3408,0,8534.38036942482
16,21.282,0,8534.38036942482
17,21.2624,0,8534.38036942482
18,21.2624,0,8534.38036942482
19,21.2428,0,8534.38036942482
20,21.2036,0,8534.38036942482
21,21.2232,0,8534.38036942482
22,21.233,0,8534.38036942482
23,21.2232,0,8534.38036942482
24,21.2036,0,8534.38036942482
25,21.184,0,8534.38036942482
26,21.1252,0,8534.38036942482
27,21.1252,0,8534.38036942482
28,21.1056,0,8534.38036942482
29,21.0272,0,8534.38036942482
30,21.037,0,8534.38036942482
31,21.0076,0,8534.38036942482
32,20.9978,0,8534.38036942482
33,21.037,0,8534.38036942482
34,21.0272,0,8534.38036942482
0,21.0076,0,8534.38036942482
1,21.0076,0,8534.38036942482
2,20.9782,0,8534.38036942482
3,20.9782,0,8534.38036942482
4,20.9684,0,8534.38036942482
5,20.9684,0,8534.38036942482
6,20.9586,0,8534.38036942482
7,20.9488,0,8534.38036942482
8,20.9488,0,8534.38036942482
9,20.9292,0,8534.38036942482
10,20.9292,0,8534.38036942482
11,20.9096,0,8534.38036942482
12,20.8998,0,8534.38036942482
13,20.9096,0,8534.38036942482
14,20.9096,0,8534.38036942482
15,20.9292,0,8534.38036942482
16,20.9096,0,8534.38036942482
17,20.9194,0,8534.38036942482
18,20.9096,0,8534.38036942482
19,20.9096,0,8534.38036942482
20,20.8998,0,8534.38036942482
21,20.9096,0,8534.38036942482
22,20.89,0,8534.38036942482
23,20.8998,0,8534.38036942482
24,20.8802,0,8534.38036942482
25,20.89,0,8534.38036942482
26,20.89,0,8534.38036942482
27,20.89,0,8534.38036942482
28,20.8802,0,8534.38036942482
29,20.9096,0,8534.38036942482
30,20.9292,0,8534.38036942482
31,20.9292,0,8534.38036942482
32,20.9684,0,8534.38036942482
33,20.988000000000003,0,8534.38036942482
34,21.0174,0,8534.38036942482
0,21.0468,0,8534.38036942482
1,21.0664,0,8534.38036942482
2,21.1056,0,8534.38036942482
3,21.0958,0,8534.38036942482
4,21.1056,0,8534.38036942482
5,21.1154,0,8534.38036942482
6,21.1448,0,8534.38036942482
7,21.1448,0,8534.38036942482
8,21.1546,0,8534.38036942482
9,21.184,0,8534.38036942482
10,21.2036,0,8534.38036942482
11,21.2134,0,8534.38036942482
12,21.2036,0,8534.38036942482
13,21.1938,0,8534.38036942482
14,21.184,0,8534.38036942482
15,21.2036,0,8534.38036942482
16,21.1938,0,8534.38036942482
17,21.184,0,8534.38036942482
18,21.184,0,8534.38036942482
19,21.1742,0,8534.38036942482
20,21.1742,0,8534.38036942482
21,21.2036,0,8534.38036942482
22,21.2134,0,8534.38036942482
23,21.2428,0,8534.38036942482
24,21.2428,0,8534.38036942482
25,21.2036,0,8534.38036942482
26,21.2134,0,8534.38036942482
27,21.2232,0,8534.38036942482
28,21.2232,0,8534.38036942482
29,21.233,0,8534.38036942482
30,21.233,0,8534.38036942482
31,21.282,0,8534.38036942482
32,21.3016,0,8534.38036942482
33,21.331,0,8534.38036942482
34,21.3408,0,8534.38036942482
0,21.3408,1,9235.036162614822
1,21.3702,1,9235.036162614822
2,21.38,1,9235.036162614822
3,21.3506,1,9235.036162614822
4,21.3506,1,9235.036162614822
5,21.3604,1,9235.036162614822
6,21.4094,1,9235.036162614822
7,21.38,1,9235.036162614822
8,21.3604,1,9235.036162614822
9,21.3702,1,9235.036162614822
10,21.3702,1,9235.036162614822
11,21.3702,1,9235.036162614822
12,21.3506,1,9235.036162614822
13,21.3604,1,9235.036162614822
14,21.3604,1,9235.036162614822
15,21.3408,1,9235.036162614822
16,21.3506,1,9235.036162614822
17,21.3506,1,9235.036162614822
18,21.3604,1,9235.036162614822
19,21.3996,1,9235.036162614822
20,21.4192,1,9235.036162614822
21,21.429,1,9235.036162614822
22,21.4094,1,9235.036162614822
23,21.4192,1,9235.036162614822
24,21.4388,1,9235.036162614822
25,21.478,1,9235.036162614822
26,21.5172,1,9235.036162614822
27,21.527,1,9235.036162614822
28,21.5564,1,9235.036162614822
29,21.5662,1,9235.036162614822
30,21.5564,1,9235.036162614822
31,21.5662,1,9235.036162614822
32,21.6054,1,9235.036162614822
33,21.5956,1,9235.036162614822
34,21.6152,1,9235.036162614822
0,21.625,0,9235.036162614822
1,21.6152,0,9235.036162614822
2,21.5858,0,9235.036162614822
3,21.5956,0,9235.036162614822
4,21.4976,0,9235.036162614822
5,21.478,0,9235.036162614822
6,21.478,0,9235.036162614822
7,21.478,0,9235.036162614822
8,21.478,0,9235.036162614822
9,21.4976,0,9235.036162614822
10,21.4878,0,9235.036162614822
11,21.4584,0,9235.036162614822
12,21.478,0,9235.036162614822
13,21.3996,0,9235.036162614822
14,21.3702,0,9235.036162614822
15,21.38,0,9235.036162614822
16,21.3604,0,9235.036162614822
17,21.3506,0,9235.036162614822
18,21.3408,0,9235.036162614822
19,21.3408,0,9235.036162614822
20,21.282,0,9235.036162614822
21,21.2624,0,9235.036162614822
22,21.233,0,9235.036162614822
23,21.1938,0,9235.036162614822
24,21.1644,0,9235.036162614822
25,21.086,0,9235.036162614822
26,21.0664,0,9235.036162614822
27,21.0174,0,9235.036162614822
28,20.9488,0,9235.036162614822
29,20.89,0,9235.036162614822
30,20.8704,0,9235.036162614822
31,20.8606,0,9235.036162614822
32,20.8802,0,9235.036162614822
33,20.9096,0,9235.036162614822
34,20.9194,0,9235.036162614822
0,21.0076,0,9235.036162614822
1,21.0272,0,9235.036162614822
2,21.0468,0,9235.036162614822
3,21.0762,0,9235.036162614822
4,21.086,0,9235.036162614822
5,21.184,0,9235.036162614822
6,21.2428,0,9235.036162614822
7,21.282,0,9235.036162614822
8,21.3114,0,9235.036162614822
9,21.38,0,9235.036162614822
10,21.3996,0,9235.036162614822
11,21.4192,0,9235.036162614822
12,21.429,0,9235.036162614822
13,21.4192,0,9235.036162614822
14,21.4192,0,9235.036162614822
15,21.4094,0,9235.036162614822
16,21.3996,0,9235.036162614822
17,21.3604,0,9235.036162614822
18,21.3212,0,9235.036162614822
19,21.3016,0,9235.036162614822
20,21.2624,0,9235.036162614822
21,21.233,0,9235.036162614822
22,21.2232,0,9235.036162614822
23,21.2036,0,9235.036162614822
24,21.1252,0,9235.036162614822
25,21.1252,0,9235.036162614822
26,21.1056,0,9235.036162614822
27,21.1056,0,9235.036162614822
28,21.086,0,9235.036162614822
29,21.086,0,9235.036162614822
30,21.086,0,9235.036162614822
31,21.0762,0,9235.036162614822
32,21.0664,0,9235.036162614822
33,21.0664,0,9235.036162614822
34,21.0468,0,9235.036162614822
0,21.0076,0,9235.036162614822
1,20.988000000000003,0,9235.036162614822
2,20.9586,0,9235.036162614822
3,20.9684,0,9235.036162614822
4,20.9096,0,9235.036162614822
5,20.8998,0,9235.036162614822
6,20.8998,0,9235.036162614822
7,20.8802,0,9235.036162614822
8,20.8704,0,9235.036162614822
9,20.8704,0,9235.036162614822
10,20.8704,0,9235.036162614822
11,20.8704,0,9235.036162614822
12,20.8802,0,9235.036162614822
13,20.8704,0,9235.036162614822
14,20.8802,0,9235.036162614822
15,20.8802,0,9235.036162614822
16,20.8802,0,9235.036162614822
17,20.8704,0,9235.036162614822
18,20.8704,0,9235.036162614822
19,20.7724,0,9235.036162614822
20,20.7332,0,9235.036162614822
21,20.7528,0,9235.036162614822
22,20.743,0,9235.036162614822
23,20.7332,0,9235.036162614822
24,20.7332,0,9235.036162614822
25,20.7234,0,9235.036162614822
26,20.7136,0,9235.036162614822
27,20.7234,0,9235.036162614822
28,20.7038,0,9235.036162614822
29,20.694000000000003,0,9235.036162614822
30,20.694000000000003,0,9235.036162614822
31,20.7038,0,9235.036162614822
32,20.694000000000003,0,9235.036162614822
33,20.6744,0,9235.036162614822
34,20.645,0,9235.036162614822
0,20.6352,0,9235.036162614822
1,20.6254,0,9235.036162614822
2,20.6156,0,9235.036162614822
3,20.5764,0,9235.036162614822
4,20.5568,0,9235.036162614822
5,20.547,0,9235.036162614822
6,20.5372,0,9235.036162614822
7,20.5176,0,9235.036162614822
8,20.5078,0,9235.036162614822
9,20.498,0,9235.036162614822
10,20.449,0,9235.036162614822
11,20.4294,0,9235.036162614822
12,20.4,0,9235.036162614822
13,20.4,0,9235.036162614822
14,20.3902,0,9235.036162614822
15,20.3804,0,9235.036162614822
16,20.3608,0,9235.036162614822
17,20.3412,0,9235.036162614822
18,20.351,0,9235.036162614822
19,20.3412,0,9235.036162614822
20,20.3314,0,9235.036162614822
21,20.3216,0,9235.036162614822
22,20.3412,0,9235.036162614822
23,20.3216,0,9235.036162614822
24,20.3216,0,9235.036162614822
25,20.302,0,9235.036162614822
26,20.302,0,9235.036162614822
27,20.2922,0,9235.036162614822
28,20.2628,0,9235.036162614822
29,20.2432,0,9235.036162614822
30,20.2432,0,9235.036162614822
31,20.253,0,9235.036162614822
32,20.2432,0,9235.036162614822
33,20.2236,0,9235.036162614822
34,20.2334,0,9235.036162614822
0,20.2138,0,9235.036162614822
1,20.2138,0,9235.036162614822
2,20.204,0,9235.036162614822
3,20.204,0,9235.036162614822
4,20.204,0,9235.036162614822
5,20.1844,0,9235.036162614822
6,20.1844,0,9235.036162614822
7,20.1844,0,9235.036162614822
8,20.1746,0,9235.036162614822
9,20.1648,0,9235.036162614822
10,20.1648,0,9235.036162614822
11,20.1746,0,9235.036162614822
12,20.1452,0,9235.036162614822
13,20.1256,0,9235.036162614822
14,20.106,0,9235.036162614822
15,20.1158,0,9235.036162614822
16,20.0864,0,9235.036162614822
17,20.0864,0,9235.036162614822
18,20.0668,0,9235.036162614822
19,20.057,0,9235.036162614822
20,20.0472,0,9235.036162614822
21,20.0276,0,9235.036162614822
22,19.9982,0,9235.036162614822
23,20.0276,0,9235.036162614822
24,20.0178,0,9235.036162614822
25,20.0374,0,9235.036162614822
26,20.0276,0,9235.036162614822
27,19.9884,0,9235.036162614822
28,19.9884,0,9235.036162614822
29,19.9884,0,9235.036162614822
30,19.9786,0,9235.036162614822
31,19.9786,0,9235.036162614822
32,19.9688,0,9235.036162614822
33,19.959,0,9235.036162614822
34,19.9786,0,9235.036162614822
0,19.9884,0,9235.036162614822
1,19.9884,0,9235.036162614822
2,20.008,0,9235.036162614822
3,19.9982,0,9235.036162614822
4,19.9884,0,9235.036162614822
5,19.9884,0,9235.036162614822
6,19.9884,0,9235.036162614822
7,19.9884,0,9235.036162614822
8,19.9786,0,9235.036162614822
9,19.9884,0,9235.036162614822
10,19.9786,0,9235.036162614822
11,19.9786,0,9235.036162614822
12,19.9688,0,9235.036162614822
13,19.9688,0,9235.036162614822
14,19.9492,0,9235.036162614822
15,19.9492,0,9235.036162614822
16,19.9492,0,9235.036162614822
17,19.9394,0,9235.036162614822
18,19.9492,0,9235.036162614822
19,19.91,0,9235.036162614822
20,19.9198,0,9235.036162614822
21,19.91,0,9235.036162614822
22,19.91,0,9235.036162614822
23,19.9002,0,9235.036162614822
24,19.8904,0,9235.036162614822
25,19.8904,0,9235.036162614822
26,19.8806,0,9235.036162614822
27,19.8806,0,9235.036162614822
28,19.8708,0,9235.036162614822
29,19.8512,0,9235.036162614822
30,19.861,0,9235.036162614822
31,19.8512,0,9235.036162614822
32,19.8512,0,9235.036162614822
33,19.8414,0,9235.036162614822
34,19.8512,0,9235.036162614822
0,19.8512,0,9235.036162614822
1,19.8512,0,9235.036162614822
2,19.8414,0,9235.036162614822
3,19.8512,0,9235.036162614822
4,19.8414,0,9235.036162614822
5,19.8316,0,9235.036162614822
6,19.8022,0,9235.036162614822
7,19.7924,0,9235.036162614822
8,19.812,0,9235.036162614822
9,19.7924,0,9235.036162614822
10,19.7924,0,9235.036162614822
11,19.7924,0,9235.036162614822
12,19.7826,0,9235.036162614822
13,19.7826,0,9235.036162614822
14,19.7924,0,9235.036162614822
15,19.7826,0,9235.036162614822
16,19.7826,0,9235.036162614822
17,19.7728,0,9235.036162614822
18,19.7728,0,9235.036162614822
19,19.7924,0,9235.036162614822
20,19.763,0,9235.036162614822
21,19.7532,0,9235.036162614822
22,19.7532,0,9235.036162614822
23,19.7532,0,9235.036162614822
24,19.7532,0,9235.036162614822
25,19.7042,0,9235.036162614822
26,19.7042,0,9235.036162614822
27,19.714,0,9235.036162614822
28,19.714,0,9235.036162614822
29,19.7042,0,9235.036162614822
30,19.714,0,9235.036162614822
31,19.7042,0,9235.036162614822
32,19.6944,0,9235.036162614822
33,19.7042,0,9235.036162614822
34,19.6944,0,9235.036162614822
0,19.7042,0,9235.036162614822
1,19.714,0,9235.036162614822
2,19.6944,0,9235.036162614822
3,19.7042,0,9235.036162614822
4,19.6846,0,9235.036162614822
5,19.6846,0,9235.036162614822
6,19.6846,0,9235.036162614822
7,19.6846,0,9235.036162614822
8,19.6944,0,9235.036162614822
9,19.6944,0,9235.036162614822
10,19.6748,0,9235.036162614822
11,19.6552,0,9235.036162614822
12,19.6454,0,9235.036162614822
13,19.6356,0,9235.036162614822
14,19.6062,0,9235.036162614822
15,19.567,0,9235.036162614822
16,19.567,0,9235.036162614822
17,19.567,0,9235.036162614822
18,19.567,0,9235.036162614822
19,19.567,0,9235.036162614822
20,19.5768,0,9235.036162614822
21,19.5866,0,9235.036162614822
22,19.5768,0,9235.036162614822
23,19.5768,0,9235.036162614822
24,19.5866,0,9235.036162614822
25,19.5768,0,9235.036162614822
26,19.5768,0,9235.036162614822
27,19.5768,0,9235.036162614822
28,19.5572,0,9235.036162614822
29,19.567,0,9235.036162614822
30,19.567,0,9235.036162614822
31,19.5572,0,9235.036162614822
32,19.5572,0,9235.036162614822
33,19.5572,0,9235.036162614822
34,19.5572,0,9235.036162614822
0,19.5376,0,9235.036162614822
1,19.4984,0,9235.036162614822
2,19.5082,0,9235.036162614822
3,19.518,0,9235.036162614822
4,19.5082,0,9235.036162614822
5,19.518,0,9235.036162614822
6,19.518,0,9235.036162614822
7,19.4984,0,9235.036162614822
8,19.4984,0,9235.036162614822
9,19.4984,0,9235.036162614822
10,19.4886,0,9235.036162614822
11,19.4788,0,9235.036162614822
12,19.469,0,9235.036162614822
13,19.4788,0,9235.036162614822
14,19.4592,0,9235.036162614822
15,19.4788,0,9235.036162614822
16,19.4592,0,9235.036162614822
17,19.4592,0,9235.036162614822
18,19.4592,0,9235.036162614822
19,19.4396,0,9235.036162614822
20,19.42,0,9235.036162614822
21,19.4004,0,9235.036162614822
22,19.3808,0,9235.036162614822
23,19.3808,0,9235.036162614822
24,19.371,0,9235.036162614822
25,19.371,0,9235.036162614822
26,19.3808,0,9235.036162614822
27,19.3612,0,9235.036162614822
28,19.3612,0,9235.036162614822
29,19.3514,0,9235.036162614822
30,19.3514,0,9235.036162614822
31,19.3416,0,9235.036162614822
32,19.3416,0,9235.036162614822
33,19.3416,0,9235.036162614822
34,19.3318,0,9235.036162614822
0,19.3122,0,9235.036162614822
1,19.3416,0,9235.036162614822
2,19.3122,0,9235.036162614822
3,19.322,0,9235.036162614822
4,19.322,0,9235.036162614822
5,19.322,0,9235.036162614822
6,19.322,0,9235.036162614822
7,19.322,0,9235.036162614822
8,19.3024,0,9235.036162614822
9,19.3024,0,9235.036162614822
10,19.3024,0,9235.036162614822
11,19.3024,0,9235.036162614822
12,19.3024,0,9235.036162614822
13,19.3024,0,9235.036162614822
14,19.3024,0,9235.036162614822
15,19.3024,0,9235.036162614822
16,19.2828,0,9235.036162614822
17,19.2828,0,9235.036162614822
18,19.2828,0,9235.036162614822
19,19.2632,0,9235.036162614822
20,19.273,0,9235.036162614822
21,19.2632,0,9235.036162614822
22,19.2534,0,9235.036162614822
23,19.2338,0,9235.036162614822
24,19.2436,0,9235.036162614822
25,19.2436,0,9235.036162614822
26,19.2436,0,9235.036162614822
27,19.224,0,9235.036162614822
28,19.224,0,9235.036162614822
29,19.2338,0,9235.036162614822
30,19.224,0,9235.036162614822
31,19.224,0,9235.036162614822
32,19.224,0,9235.036162614822
33,19.1554,0,9235.036162614822
34,19.1652,0,9235.036162614822
0,19.1652,0,9235.036162614822
1,19.1652,0,9235.036162614822
2,19.1652,0,9235.036162614822
3,19.175,0,9235.036162614822
4,19.1848,0,9235.036162614822
5,19.1652,0,9235.036162614822
6,19.1652,0,9235.036162614822
7,19.1652,0,9235.036162614822
8,19.1652,0,9235.036162614822
9,19.1554,0,9235.036162614822
10,19.1554,0,9235.036162614822
11,19.1456,0,9235.036162614822
12,19.1456,0,9235.036162614822
13,19.1456,0,9235.036162614822
14,19.1456,0,9235.036162614822
15,19.1456,0,9235.036162614822
16,19.1456,0,9235.036162614822
17,19.1358,0,9235.036162614822
18,19.1456,0,9235.036162614822
19,19.1456,0,9235.036162614822
20,19.1456,0,9235.036162614822
21,19.1456,0,9235.036162614822
22,19.1456,0,9235.036162614822
23,19.1456,0,9235.036162614822
24,19.1358,0,9235.036162614822
25,19.126,0,9235.036162614822
26,19.1456,0,9235.036162614822
27,19.1358,0,9235.036162614822
28,19.1358,0,9235.036162614822
29,19.1456,0,9235.036162614822
30,19.1064,0,9235.036162614822
31,19.0868,0,9235.036162614822
32,19.0966,0,9235.036162614822
33,19.0868,0,9235.036162614822
34,19.0966,0,9235.036162614822
0,19.0868,0,9235.036162614822
1,19.0868,0,9235.036162614822
2,19.0966,0,9235.036162614822
3,19.0966,0,9235.036162614822
4,19.0868,0,9235.036162614822
5,19.1064,0,9235.036162614822
6,19.077,0,9235.036162614822
7,19.077,0,9235.036162614822
8,19.0868,0,9235.036162614822
9,19.0868,0,9235.036162614822
10,19.077,0,9235.036162614822
11,19.0672,0,9235.036162614822
12,19.0672,0,9235.036162614822
13,19.0574,0,9235.036162614822
14,19.0476,0,9235.036162614822
15,19.0574,0,9235.036162614822
16,19.0476,0,9235.036162614822
17,19.0476,0,9235.036162614822
18,19.0476,0,9235.036162614822
19,19.0574,0,9235.036162614822
20,19.0574,0,9235.036162614822
21,19.0574,0,9235.036162614822
22,19.0574,0,9235.036162614822
23,19.0574,0,9235.036162614822
24,19.0476,0,9235.036162614822
25,19.0476,0,9235.036162614822
26,19.0476,0,9235.036162614822
27,19.0476,0,9235.036162614822
28,19.0476,0,9235.036162614822
29,19.0476,0,9235.036162614822
30,19.0378,0,9235.036162614822
31,19.028,0,9235.036162614822
32,19.0182,0,9235.036162614822
33,19.0084,0,9235.036162614822
34,19.0084,0,9235.036162614822
0,18.9986,0,9235.036162614822
1,18.9986,0,9235.036162614822
2,19.0182,0,9235.036162614822
3,19.0084,0,9235.036162614822
4,19.0084,0,9235.036162614822
5,19.0084,0,9235.036162614822
6,18.9986,0,9235.036162614822
7,18.9692,0,9235.036162614822
8,18.979,0,9235.036162614822
9,18.9888,0,9235.036162614822
10,18.9888,0,9235.036162614822
11,18.9986,0,9235.036162614822
12,18.9888,0,9235.036162614822
13,18.9888,0,9235.036162614822
14,18.979,0,9235.036162614822
15,18.9888,0,9235.036162614822
16,18.9888,0,9235.036162614822
17,18.9888,0,9235.036162614822
18,18.979,0,9235.036162614822
19,18.9692,0,9235.036162614822
20,18.979,0,9235.036162614822
21,18.9692,0,9235.036162614822
22,18.979,0,9235.036162614822
23,18.9692,0,9235.036162614822
24,18.9594,0,9235.036162614822
25,18.9594,0,9235.036162614822
26,18.9692,0,9235.036162614822
27,18.9692,0,9235.036162614822
28,18.979,0,9235.036162614822
29,18.979,0,9235.036162614822
30,18.9594,0,9235.036162614822
31,18.979,0,9235.036162614822
32,18.9692,0,9235.036162614822
33,18.9496,0,9235.036162614822
34,18.9496,0,9235.036162614822
0,18.9496,0,9235.036162614822
1,18.9496,0,9235.036162614822
2,18.9496,0,9235.036162614822
3,18.9594,0,9235.036162614822
4,18.9496,0,9235.036162614822
5,18.9398,0,9235.036162614822
6,18.9496,0,9235.036162614822
7,18.9398,0,9235.036162614822
8,18.9398,0,9235.036162614822
9,18.93,0,9235.036162614822
10,18.93,0,9235.036162614822
11,18.93,0,9235.036162614822
12,18.93,0,9235.036162614822
13,18.9398,0,9235.036162614822
14,18.93,0,9235.036162614822
15,18.9202,0,9235.036162614822
16,18.93,0,9235.036162614822
17,18.93,0,9235.036162614822
18,18.93,0,9235.036162614822
19,18.93,0,9235.036162614822
20,18.9104,0,9235.036162614822
21,18.9104,0,9235.036162614822
22,18.9104,0,9235.036162614822
23,18.9006,0,9235.036162614822
24,18.9104,0,9235.036162614822
25,18.9006,0,9235.036162614822
26,18.9006,0,9235.036162614822
27,18.881,0,9235.036162614822
28,18.8908,0,9235.036162614822
29,18.881,0,9235.036162614822
30,18.8712,0,9235.036162614822
31,18.8908,0,9235.036162614822
32,18.8908,0,9235.036162614822
33,18.8908,0,9235.036162614822
34,18.8712,0,9235.036162614822
0,18.8712,0,9235.036162614822
1,18.8614,0,9235.036162614822
2,18.8712,0,9235.036162614822
3,18.8614,0,9235.036162614822
4,18.8712,0,9235.036162614822
5,18.8712,0,9235.036162614822
6,18.881,0,9235.036162614822
7,18.8908,0,9235.036162614822
8,18.8908,0,9235.036162614822
9,18.881,0,9235.036162614822
10,18.8908,0,9235.036162614822
11,18.8908,0,9235.036162614822
12,18.8908,0,9235.036162614822
13,18.881,0,9235.036162614822
14,18.8712,0,9235.036162614822
15,18.8712,0,9235.036162614822
16,18.8614,0,9235.036162614822
17,18.8712,0,9235.036162614822
18,18.8712,0,9235.036162614822
19,18.8614,0,9235.036162614822
20,18.8614,0,9235.036162614822
21,18.8712,0,9235.036162614822
22,18.8516,0,9235.036162614822
23,18.8516,0,9235.036162614822
24,18.8516,0,9235.036162614822
25,18.832,0,9235.036162614822
26,18.8418,0,9235.036162614822
27,18.8418,0,9235.036162614822
28,18.832,0,9235.036162614822
29,18.832,0,9235.036162614822
30,18.8222,0,9235.036162614822
31,18.832,0,9235.036162614822
32,18.832,0,9235.036162614822
33,18.832,0,9235.036162614822
34,18.8418,0,9235.036162614822
0,18.8516,0,9235.036162614822
1,18.8516,0,9235.036162614822
2,18.832,0,9235.036162614822
3,18.832,0,9235.036162614822
4,18.8418,0,9235.036162614822
5,18.8418,0,9235.036162614822
6,18.8418,0,9235.036162614822
7,18.832,0,9235.036162614822
8,18.8418,0,9235.036162614822
9,18.832,0,9235.036162614822
10,18.832,0,9235.036162614822
11,18.832,0,9235.036162614822
12,18.832,0,9235.036162614822
13,18.832,0,9235.036162614822
14,18.8222,0,9235.036162614822
15,18.8222,0,9235.036162614822
16,18.8124,0,9235.036162614822
17,18.8222,0,9235.036162614822
18,18.8222,0,9235.036162614822
19,18.8124,0,9235.036162614822
20,18.832,0,9235.036162614822
21,18.832,0,9235.036162614822
22,18.8222,0,9235.036162614822
23,18.8124,0,9235.036162614822
24,18.8124,0,9235.036162614822
25,18.832,0,9235.036162614822
26,18.8222,0,9235.036162614822
27,18.8222,0,9235.036162614822
28,18.8222,0,9235.036162614822
29,18.832,0,9235.036162614822
30,18.8124,0,9235.036162614822
31,18.8124,0,9235.036162614822
32,18.8222,0,9235.036162614822
33,18.8222,0,9235.036162614822
34,18.7928,0,9235.036162614822
0,18.7928,0,9235.036162614822
1,18.8124,0,9235.036162614822
2,18.7928,0,9235.036162614822
3,18.7928,0,9235.036162614822
4,18.7928,0,9235.036162614822
5,18.7928,0,9235.036162614822
6,18.7928,0,9235.036162614822
7,18.7928,0,9235.036162614822
8,18.8026,0,9235.036162614822
9,18.7928,0,9235.036162614822
10,18.7928,0,9235.036162614822
11,18.8026,0,9235.036162614822
12,18.8026,0,9235.036162614822
13,18.7928,0,9235.036162614822
14,18.7928,0,9235.036162614822
15,18.783,0,9235.036162614822
16,18.7732,0,9235.036162614822
17,18.7438,0,9235.036162614822
18,18.7536,0,9235.036162614822
19,18.7536,0,9235.036162614822
20,18.7536,0,9235.036162614822
21,18.7634,0,9235.036162614822
22,18.7634,0,9235.036162614822
23,18.7732,0,9235.036162614822
24,18.7634,0,9235.036162614822
25,18.7536,0,9235.036162614822
26,18.7536,0,9235.036162614822
27,18.7536,0,9235.036162614822
28,18.734,0,9235.036162614822
29,18.7242,0,9235.036162614822
30,18.734,0,9235.036162614822
31,18.7144,0,9235.036162614822
32,18.7242,0,9235.036162614822
33,18.7242,0,9235.036162614822
34,18.7242,0,9235.036162614822
0,18.734,0,9235.036162614822
1,18.734,0,9235.036162614822
2,18.7438,0,9235.036162614822
3,18.734,0,9235.036162614822
4,18.7242,0,9235.036162614822
5,18.7242,0,9235.036162614822
6,18.7242,0,9235.036162614822
7,18.7144,0,9235.036162614822
8,18.734,0,9235.036162614822
9,18.7242,0,9235.036162614822
10,18.734,0,9235.036162614822
11,18.7242,0,9235.036162614822
12,18.734,0,9235.036162614822
13,18.7438,0,9235.036162614822
14,18.7242,0,9235.036162614822
15,18.7144,0,9235.036162614822
16,18.734,0,9235.036162614822
17,18.7144,0,9235.036162614822
18,18.7046,0,9235.036162614822
19,18.6948,0,9235.036162614822
20,18.7046,0,9235.036162614822
21,18.7046,0,9235.036162614822
22,18.685,0,9235.036162614822
23,18.6948,0,9235.036162614822
24,18.6752,0,9235.036162614822
25,18.6752,0,9235.036162614822
26,18.6948,0,9235.036162614822
27,18.6752,0,9235.036162614822
28,18.685,0,9235.036162614822
29,18.6948,0,9235.036162614822
30,18.6752,0,9235.036162614822
31,18.685,0,9235.036162614822
32,18.685,0,9235.036162614822
33,18.6752,0,9235.036162614822
34,18.6556,0,9235.036162614822
0,18.6654,0,9235.036162614822
1,18.6654,0,9235.036162614822
2,18.6654,0,9235.036162614822
3,18.6556,0,9235.036162614822
4,18.636,0,9235.036162614822
5,18.636,0,9235.036162614822
6,18.636,0,9235.036162614822
7,18.6458,0,9235.036162614822
8,18.636,0,9235.036162614822
9,18.636,0,9235.036162614822
10,18.636,0,9235.036162614822
11,18.636,0,9235.036162614822
12,18.636,0,9235.036162614822
13,18.6262,0,9235.036162614822
14,18.636,0,9235.036162614822
15,18.636,0,9235.036162614822
16,18.6164,0,9235.036162614822
17,18.6164,0,9235.036162614822
18,18.6164,0,9235.036162614822
19,18.6164,0,9235.036162614822
20,18.6262,0,9235.036162614822
21,18.6164,0,9235.036162614822
22,18.6164,0,9235.036162614822
23,18.6164,0,9235.036162614822
24,18.6262,0,9235.036162614822
25,18.6262,0,9235.036162614822
26,18.6262,0,9235.036162614822
27,18.6262,0,9235.036162614822
28,18.6164,0,9235.036162614822
29,18.5968,0,9235.036162614822
30,18.5968,0,9235.036162614822
31,18.5968,0,9235.036162614822
32,18.5968,0,9235.036162614822
33,18.5968,0,9235.036162614822
34,18.587,0,9235.036162614822
0,18.5772,0,9235.036162614822
1,18.587,0,9235.036162614822
2,18.587,0,9235.036162614822
3,18.5968,0,9235.036162614822
4,18.5968,0,9235.036162614822
5,18.5968,0,9235.036162614822
6,18.5968,0,9235.036162614822
7,18.5772,0,9235.036162614822
8,18.5772,0,9235.036162614822
9,18.5772,0,9235.036162614822
10,18.5674,0,9235.036162614822
11,18.5576,0,9235.036162614822
12,18.5576,0,9235.036162614822
13,18.5478,0,9235.036162614822
14,18.5576,0,9235.036162614822
15,18.5772,0,9235.036162614822
16,18.5772,0,9235.036162614822
17,18.5576,0,9235.036162614822
18,18.538,0,9235.036162614822
19,18.5478,0,9235.036162614822
20,18.5576,0,9235.036162614822
21,18.5478,0,9235.036162614822
22,18.538,0,9235.036162614822
23,18.5184,0,9235.036162614822
24,18.5086,0,9235.036162614822
25,18.5086,0,9235.036162614822
26,18.4988,0,9235.036162614822
27,18.4988,0,9235.036162614822
28,18.4988,0,9235.036162614822
29,18.489,0,9235.036162614822
30,18.489,0,9235.036162614822
31,18.4792,0,9235.036162614822
32,18.4988,0,9235.036162614822
33,18.4988,0,9235.036162614822
34,18.4988,0,9235.036162614822
0,18.489,0,9235.036162614822
1,18.4988,0,9235.036162614822
2,18.4988,0,9235.036162614822
3,18.4792,0,9235.036162614822
4,18.489,0,9235.036162614822
5,18.4792,0,9235.036162614822
6,18.4792,0,9235.036162614822
7,18.4792,0,9235.036162614822
8,18.4792,0,9235.036162614822
9,18.489,0,9235.036162614822
10,18.4792,0,9235.036162614822
11,18.489,0,9235.036162614822
12,18.489,0,9235.036162614822
13,18.4792,0,9235.036162614822
14,18.4694,0,9235.036162614822
15,18.4694,0,9235.036162614822
16,18.4694,0,9235.036162614822
17,18.4694,0,9235.036162614822
18,18.4596,0,9235.036162614822
19,18.4792,0,9235.036162614822
20,18.4694,0,9235.036162614822
21,18.4694,0,9235.036162614822
22,18.4792,0,9235.036162614822
23,18.4596,0,9235.036162614822
24,18.4792,0,9235.036162614822
25,18.4596,0,9235.036162614822
26,18.4694,0,9235.036162614822
27,18.4792,0,9235.036162614822
28,18.4988,0,9235.036162614822
29,18.4792,0,9235.036162614822
30,18.4596,0,9235.036162614822
31,18.4792,0,9235.036162614822
32,18.4792,0,9235.036162614822
33,18.4596,0,9235.036162614822
34,18.4498,0,9235.036162614822
0,18.44,0,9235.036162614822
1,18.44,0,9235.036162614822
2,18.4498,0,9235.036162614822
3,18.4302,0,9235.036162614822
4,18.44,0,9235.036162614822
5,18.4302,0,9235.036162614822
6,18.4302,0,9235.036162614822
7,18.4302,0,9235.036162614822
8,18.391,0,9235.036162614822
9,18.391,0,9235.036162614822
10,18.391,0,9235.036162614822
11,18.391,0,9235.036162614822
12,18.3812,0,9235.036162614822
13,18.391,0,9235.036162614822
14,18.3812,0,9235.036162614822
15,18.3616,0,9235.036162614822
16,18.3812,0,9235.036162614822
17,18.391,0,9235.036162614822
18,18.3812,0,9235.036162614822
19,18.3714,0,9235.036162614822
20,18.3714,0,9235.036162614822
21,18.3616,0,9235.036162614822
22,18.3714,0,9235.036162614822
23,18.3812,0,9235.036162614822
24,18.3812,0,9235.036162614822
25,18.3714,0,9235.036162614822
26,18.3714,0,9235.036162614822
27,18.3616,0,9235.036162614822
28,18.3616,0,9235.036162614822
29,18.3616,0,9235.036162614822
30,18.3616,0,9235.036162614822
31,18.3616,0,9235.036162614822
32,18.3616,0,9235.036162614822
33,18.3616,0,9235.036162614822
34,18.342,0,9235.036162614822
0,18.3616,0,9235.036162614822
1,18.3616,0,9235.036162614822
2,18.3616,0,9235.036162614822
3,18.3616,0,9235.036162614822
4,18.342,0,9235.036162614822
5,18.3322,0,9235.036162614822
6,18.3322,0,9235.036162614822
7,18.342,0,9235.036162614822
8,18.3224,0,9235.036162614822
9,18.3322,0,9235.036162614822
10,18.3322,0,9235.036162614822
11,18.3224,0,9235.036162614822
12,18.3126,0,9235.036162614822
13,18.3028,0,9235.036162614822
14,18.3028,0,9235.036162614822
15,18.3028,0,9235.036162614822
16,18.3126,0,9235.036162614822
17,18.3224,0,9235.036162614822
18,18.3126,0,9235.036162614822
19,18.3028,0,9235.036162614822
20,18.3126,0,9235.036162614822
21,18.2832,0,9235.036162614822
22,18.3028,0,9235.036162614822
23,18.293,0,9235.036162614822
24,18.2832,0,9235.036162614822
25,18.2832,0,9235.036162614822
26,18.3126,0,9235.036162614822
27,18.2832,0,9235.036162614822
28,18.3126,0,9235.036162614822
29,18.3028,0,9235.036162614822
30,18.2734,0,9235.036162614822
31,18.2734,0,9235.036162614822
32,18.2734,0,9235.036162614822
33,18.2636,0,9235.036162614822
34,18.2538,0,9235.036162614822
0,18.2636,0,9235.036162614822
1,18.2636,0,9235.036162614822
2,18.2636,0,9235.036162614822
3,18.2538,0,9235.036162614822
4,18.244,0,9235.036162614822
5,18.244,0,9235.036162614822
6,18.244,0,9235.036162614822
7,18.2538,0,9235.036162614822
8,18.2636,0,9235.036162614822
9,18.2244,0,9235.036162614822
10,18.2244,0,9235.036162614822
11,18.244,0,9235.036162614822
12,18.2342,0,9235.036162614822
13,18.2146,0,9235.036162614822
14,18.2146,0,9235.036162614822
15,18.2048,0,9235.036162614822
16,18.2048,0,9235.036162614822
17,18.2048,0,9235.036162614822
18,18.2048,0,9235.036162614822
19,18.2048,0,9235.036162614822
20,18.2048,0,9235.036162614822
21,18.2146,0,9235.036162614822
22,18.2146,0,9235.036162614822
23,18.2146,0,9235.036162614822
24,18.2048,0,9235.036162614822
25,18.195,0,9235.036162614822
26,18.195,0,9235.036162614822
27,18.1852,0,9235.036162614822
28,18.1656,0,9235.036162614822
29,18.1656,0,9235.036162614822
30,18.1558,0,9235.036162614822
31,18.1656,0,9235.036162614822
32,18.1558,0,9235.036162614822
33,18.1656,0,9235.036162614822
34,18.1558,0,9235.036162614822
