timestamp,temperature,label,delay
2190.0,1.0486000000000004,0.0,300.0
2310.0,0.18619999999999948,0.0,204.0
2790.0,0.215600000000002,0.0,108.0
2910.0,0.2940000000000005,0.0,54.0
3540.0,0.35279999999999845,0.0,42.0
3481.0,0.34299999999999997,0.0,30.0
3000.0,0.25479999999999947,0.0,30.0
2281.0,0.21559999999999846,0.0,30.0
2070.0,0.25479999999999947,0.0,30.0
2429.0,0.2646000000000015,0.0,30.0
2850.0,0.3625999999999969,0.0,30.0
2851.0,0.30379999999999896,0.0,42.0
2611.0,0.25479999999999947,0.0,54.0
2730.0,0.2940000000000005,0.0,54.0
2670.0,0.25479999999999947,0.0,42.0
2400.0,0.18619999999999948,0.0,30.0
2549.0,0.1960000000000015,0.0,30.0
3780.0,0.19599999999999795,0.0,30.0
3900.0,0.30379999999999896,0.0,30.0
3690.0,0.793800000000001,0.0,30.0
2670.0,0.8820000000000014,0.0,30.0
2850.0,1.038800000000002,0.0,30.0
2551.0,1.058399999999999,0.0,30.0
2370.0,1.1465999999999994,0.0,30.0
2370.0,1.1465999999999994,0.0,30.0
2521.0,1.176000000000002,0.0,30.0
2610.0,1.3230000000000004,0.0,42.0
2522.0,1.274000000000001,0.0,54.0
2791.0,1.3719999999999999,0.0,60.0
3002.0,1.2641999999999989,0.0,60.0
2909.0,0.9701999999999984,0.0,60.0
2940.0,0.7937999999999974,0.0,48.0
2432.0,0.5781999999999989,0.0,36.0
2700.0,0.39199999999999946,0.0,30.0
2940.0,0.392000000000003,0.0,30.0
3061.0,0.352800000000002,0.0,30.0
3420.0,0.6370000000000005,0.0,29.6
3510.0,0.5879999999999974,0.0,29.2
3361.0,0.43120000000000047,0.0,29.4
3572.0,0.8428000000000004,0.0,30.2
3180.0,1.068200000000001,0.0,31.0
2791.0,0.392000000000003,0.0,30.6
2489.0,0.460600000000003,0.0,30.2
2189.0,0.5585999999999984,0.0,30.0
2158.0,0.637000000000004,0.0,30.0
1982.0,0.5095999999999989,0.0,30.0
2072.0,0.49980000000000047,0.0,30.0
2043.0,0.46059999999999945,0.0,30.0
2008.0,0.47039999999999793,0.0,30.0
2100.0,0.490000000000002,0.0,30.0
2037.0,0.39199999999999946,0.0,30.0
2070.0,0.34299999999999997,0.0,30.0
2400.0,0.46059999999999945,0.0,30.0
2579.0,0.49980000000000047,0.0,36.0
2370.0,0.37239999999999895,0.0,48.0
2193.0,0.2940000000000005,0.0,60.0
2219.0,0.3233999999999959,0.0,48.0
2310.0,0.25479999999999947,0.0,36.0
2250.0,0.176400000000001,0.0,30.0
2161.0,0.176400000000001,0.0,30.0
2281.0,0.18620000000000303,0.0,30.0
2278.0,0.11759999999999948,0.0,30.0
2129.0,0.09799999999999898,0.0,30.0
2130.0,0.11760000000000659,0.0,30.0
2219.0,0.1568000000000005,0.0,30.0
2217.0,0.18619999999999948,0.0,30.0
2043.0,0.17639999999999745,0.0,30.0
1892.0,0.1372,0.0,30.0
1858.0,0.15679999999999694,0.0,30.0
1980.0,0.176400000000001,0.0,30.0
1862.0,0.26459999999999795,0.0,30.0
2070.0,0.2254000000000005,0.0,30.0
2280.0,0.22539999999999694,0.0,30.0
2251.0,0.20579999999999998,0.0,42.0
2193.0,0.2254000000000005,0.0,66.0
2368.0,0.17639999999999745,0.0,90.0
2191.0,0.14700000000000202,0.0,90.0
2096.0,0.2254000000000005,0.0,90.0
1892.0,0.176400000000001,0.0,78.0
2164.0,0.1568000000000005,0.0,54.0
2255.0,0.16660000000000252,0.0,30.0
2100.0,0.25479999999999947,0.0,30.0
1890.0,0.254800000000003,0.0,30.0
2193.0,0.28419999999999845,0.0,30.0
2398.0,0.245000000000001,0.0,30.0
2070.0,0.1568000000000005,0.0,30.0
2130.0,0.1960000000000015,0.0,30.0
2097.0,0.21559999999999846,0.0,30.0
2487.0,0.2744,0.0,35.8
2937.0,0.3038000000000025,0.0,47.4
3089.0,0.352800000000002,0.0,59.0
2523.0,0.26459999999999795,0.0,47.8
1828.0,0.1372,0.0,36.6
1891.0,0.14700000000000202,0.0,42.6
2046.0,0.19599999999999795,0.0,65.8
2162.0,0.16659999999999897,0.0,89.0
2337.0,0.20579999999999998,0.0,65.8
2254.0,0.1567999999999934,0.0,42.6
2251.0,0.1568000000000005,0.0,30.8
2376.0,0.176400000000001,0.0,30.4
2492.0,0.16659999999999897,0.0,30.0
2104.0,0.1372,0.0,30.0
2341.0,0.16660000000000252,0.0,30.0
2882.0,0.16659999999999897,0.0,30.0
2850.0,0.19599999999999795,0.0,30.0
2728.0,0.19599999999999795,0.0,30.0
2395.0,0.15679999999999694,0.0,30.0
2282.0,0.11759999999999948,0.0,30.0
2101.0,0.11759999999999948,0.0,48.0
2013.0,0.25479999999999947,0.0,84.0
1894.0,0.6075999999999979,0.0,120.0
1740.0,0.9506000000000014,0.0,84.0
1858.0,1.352400000000003,0.0,48.0
1948.0,1.1759999999999984,0.0,30.0
2251.0,0.8820000000000014,0.0,30.0
2160.0,0.5488,0.0,30.0
1984.0,0.33319999999999794,0.0,30.0
1892.0,0.48999999999999844,0.0,30.0
2106.0,0.47039999999999793,0.0,30.0
2365.0,0.7349999999999994,0.0,30.0
2247.0,0.6467999999999989,0.0,30.0
2042.0,0.450800000000001,0.0,30.0
2248.0,0.25479999999999947,0.0,30.0
2277.0,0.20579999999999998,0.0,42.0
2038.0,0.16659999999999897,0.0,66.0
2007.0,0.13719999999999644,0.0,90.0
1893.0,0.14699999999999847,0.0,66.0
1920.0,0.16659999999999897,0.0,42.0
2008.0,0.12739999999999796,0.0,36.0
2104.0,0.1568000000000005,0.0,48.0
2070.0,0.14699999999999136,0.0,60.0
2034.0,0.2645999999999944,0.0,48.0
1835.0,0.313600000000001,0.0,36.0
1978.0,0.28419999999999845,0.0,54.0
2161.0,0.23520000000000252,0.0,102.0
2191.0,0.21559999999999846,0.0,150.0
2038.0,0.4116000000000035,0.0,102.0
2042.0,0.450800000000001,0.0,54.0
2031.0,0.40179999999999794,0.0,48.0
2096.0,0.421400000000002,0.0,84.0
2044.0,0.49980000000000047,0.0,120.0
2066.0,0.4311999999999969,0.0,84.0
2039.0,0.4018000000000015,0.0,48.0
2014.0,0.3038000000000025,0.0,30.0
1954.0,0.24499999999999744,0.0,30.0
1888.0,0.2254000000000005,0.0,30.0
1977.0,0.16659999999999897,0.0,30.0
2130.0,0.1568000000000005,0.0,30.0
2016.0,0.1568000000000005,0.0,30.0
2153.0,0.11759999999999948,0.0,30.0
2035.0,0.15679999999999694,0.0,30.0
2037.0,0.1568000000000005,0.0,42.0
2334.0,0.19599999999999795,0.0,54.0
2662.0,0.2254000000000005,0.0,60.0
3011.0,0.21559999999999846,0.0,60.0
2910.0,0.176400000000001,0.0,60.0
2430.0,0.1960000000000015,0.0,60.0
2309.0,0.11759999999999948,0.0,60.0
2126.0,0.07840000000000202,0.0,54.0
2111.0,0.107800000000001,0.0,42.0
2005.0,0.09799999999999898,0.0,30.0
2401.0,0.1372,0.0,66.0
2525.0,0.16659999999999897,0.0,102.0
2561.0,0.10779999999999745,0.0,102.0
2553.0,0.06860000000000355,0.0,66.0
2131.0,0.07839999999999847,0.0,30.0
2152.0,0.09799999999999898,0.0,42.0
2342.0,0.07839999999999847,0.0,54.0
2182.0,0.12739999999999796,0.0,54.0
2092.0,0.11759999999999948,0.0,42.0
2251.0,0.0882000000000005,0.0,30.0
2002.0,0.0882000000000005,0.0,30.0
1950.0,0.1372,0.0,30.0
2286.0,0.1568000000000005,0.0,36.0
2215.0,0.09800000000000253,0.0,48.0
2394.0,0.09799999999999898,0.0,60.0
2399.0,0.1372,0.0,72.0
2768.0,0.1568000000000005,0.0,84.0
2761.0,0.1372,0.0,78.0
2738.0,0.1274000000000015,0.0,54.0
2615.0,0.1568000000000005,0.0,30.0
2222.0,0.1568000000000005,0.0,30.0
2340.0,0.1372,0.0,30.0
2038.0,0.0882000000000005,0.0,42.0
2071.0,0.14700000000000202,0.0,66.0
1943.0,0.11759999999999948,0.0,90.0
2002.0,0.07839999999999847,0.0,78.0
1828.0,0.09799999999999898,0.0,66.0
2423.0,0.10779999999999745,0.0,54.0
2930.0,0.18619999999999948,0.0,42.0
2821.0,0.1960000000000015,0.0,30.0
2470.0,0.15679999999999694,0.0,30.0
2314.0,0.08819999999999695,0.0,30.0
2639.0,0.19599999999999795,0.0,48.0
2430.0,0.24499999999999744,0.0,84.0
2231.0,0.21559999999999846,0.0,120.0
1956.0,0.10779999999999745,0.0,108.0
1986.0,0.07840000000000202,0.0,96.0
2004.0,0.09800000000000253,0.0,78.0
2250.0,0.1274000000000015,0.0,54.0
2402.0,0.245000000000001,0.0,30.0
2512.0,3.763200000000001,0.0,78.0
2191.0,4.302200000000003,0.0,126.0
2036.0,1.0779999999999994,0.0,126.0
2040.0,0.29399999999999693,0.0,78.0
1794.0,0.21559999999999846,0.0,30.0
1971.0,0.41159999999999997,0.0,54.0
2160.0,0.5977999999999994,0.0,78.0
2197.0,0.529200000000003,0.0,90.0
2070.0,0.32339999999999947,0.0,90.0
2010.0,0.23519999999999897,0.0,90.0
2038.0,0.34299999999999997,0.0,66.0
1948.0,0.519400000000001,0.0,42.0
2126.0,0.5096000000000025,0.0,42.0
2065.0,0.5683999999999969,0.0,66.0
2071.0,0.5096000000000025,0.0,90.0
2137.0,0.2940000000000005,0.0,90.4
1990.0,0.421400000000002,0.0,90.8
1730.0,0.421400000000002,0.0,84.6
1890.0,0.47039999999999793,0.0,71.8
2126.0,0.695800000000002,0.0,59.0
2033.0,0.519400000000001,0.0,47.4
2097.0,0.41159999999999997,0.0,35.8
2156.0,0.735000000000003,0.0,30.0
2280.0,0.7153999999999989,0.0,30.0
2363.0,0.6663999999999994,0.0,30.0
2315.0,0.7153999999999989,0.0,30.0
2121.0,0.8721999999999994,0.0,30.0
1827.0,1.4307999999999979,0.0,30.0
1897.0,1.1270000000000024,0.0,30.0
1881.0,0.382200000000001,0.0,30.0
2077.0,0.529200000000003,0.0,54.4
2107.0,0.49980000000000047,0.0,78.8
2258.0,0.4018000000000015,0.0,78.8
2186.0,0.49980000000000047,0.0,54.4
1822.0,0.656600000000001,0.0,30.0
1923.0,0.7153999999999989,0.0,41.6
1973.0,0.5684000000000005,0.0,53.2
1979.0,0.42139999999999844,0.0,53.2
2059.0,0.490000000000002,0.0,41.6
1965.0,0.490000000000002,0.0,30.0
2076.0,0.490000000000002,0.0,66.0
2413.0,0.558600000000002,0.0,102.0
2726.0,0.558600000000002,0.0,126.0
2454.0,0.8624000000000009,0.0,138.0
2095.0,0.7643999999999984,0.0,150.0
1981.0,0.5095999999999989,0.0,102.0
2101.0,0.6271999999999984,0.0,54.0
2184.0,2.998800000000003,0.0,36.0
2158.0,3.1164000000000023,0.0,48.0
2105.0,0.9506000000000014,0.0,60.0
2161.0,0.5488,0.0,60.0
2093.0,0.3332000000000015,0.0,60.0
1918.0,0.33319999999999794,0.0,54.0
1748.0,0.2254000000000005,0.0,42.0
1833.0,0.245000000000001,0.0,30.0
1864.0,0.2744,0.0,30.0
1830.0,0.20579999999999998,0.0,30.0
1861.0,0.24499999999999744,0.0,30.0
1913.0,0.17639999999999745,0.0,30.0
2014.0,0.2254000000000005,0.0,30.0
2181.0,0.1960000000000015,0.0,42.0
2136.0,0.16659999999999897,0.0,54.0
2046.0,0.176400000000001,0.0,60.0
1926.0,0.176400000000001,0.0,60.0
1724.0,0.25479999999999947,0.0,60.0
1911.0,0.32339999999999947,0.0,48.0
2059.0,0.37239999999999895,0.0,36.0
2018.0,0.313600000000001,0.0,48.0
2111.0,0.20579999999999998,0.0,84.0
2326.0,0.18619999999999948,0.0,120.0
2370.0,0.2254000000000005,0.0,96.0
2171.0,0.176400000000001,0.0,72.0
2233.0,0.29399999999999693,0.0,66.0
2370.0,0.34299999999999997,0.0,78.0
2701.0,0.313600000000001,0.0,90.0
2430.0,0.313600000000001,0.0,66.0
2371.0,0.421400000000002,0.0,42.0
2422.0,0.39199999999999946,0.0,30.0
2190.0,0.245000000000001,0.0,30.0
2123.0,0.2254000000000005,0.0,30.0
1967.0,0.284200000000002,0.0,30.0
1955.0,0.17639999999999745,0.0,30.0
2155.0,0.1568000000000005,0.0,36.0
2322.0,0.2646000000000015,0.0,48.0
2362.0,0.254800000000003,0.0,60.0
2625.0,0.25479999999999947,0.0,60.0
2463.0,0.215600000000002,0.0,60.0
2128.0,0.245000000000001,0.0,54.0
2190.0,0.3626000000000005,0.0,42.0
2211.0,0.39199999999999946,0.0,30.0
2528.0,0.2646000000000015,0.0,66.0
2451.0,0.23520000000000252,0.0,102.0
2197.0,0.352800000000002,0.0,114.0
2041.0,0.215600000000002,0.0,102.0
2084.0,0.1960000000000015,0.0,90.0
2179.0,0.2744,0.0,186.0
2362.0,0.21559999999999846,0.0,282.0
2040.0,0.11759999999999948,0.0,270.0
2017.0,0.19599999999999795,0.0,150.0
2260.0,0.19599999999999795,0.0,30.0
2315.0,4.361000000000004,0.0,114.0
2220.0,4.880400000000002,0.0,198.0
2140.0,1.587600000000002,0.0,210.0
2027.0,1.3426000000000045,0.0,150.0
2255.0,1.4405999999999999,0.0,90.0
2215.0,1.274000000000001,0.0,90.0
2341.0,1.1662,0.0,90.0
1977.0,0.5684000000000005,0.0,90.0
1983.0,0.4018000000000015,0.0,90.0
1987.0,0.323400000000003,0.0,90.0
1857.0,0.34299999999999997,0.0,102.0
1865.0,0.695800000000002,0.0,114.0
1905.0,1.038800000000002,0.0,102.0
2045.0,0.7840000000000025,0.0,66.0
2097.0,0.9114000000000004,0.0,30.0
2339.0,1.7836000000000034,0.0,54.0
2566.0,1.5484000000000009,0.0,78.0
2678.0,1.0093999999999994,0.0,84.0
2469.0,0.48999999999999844,0.0,72.0
2070.0,0.6271999999999984,0.0,60.0
2159.0,0.49980000000000047,0.0,48.4
2362.0,0.46059999999999945,0.0,36.8
2458.0,0.46059999999999945,0.0,30.6
2194.0,0.313600000000001,0.0,29.8
2191.0,0.284200000000002,0.0,29.0
1944.0,0.32339999999999947,0.0,41.4
1895.0,0.34299999999999997,0.0,53.8
1950.0,0.30379999999999896,0.0,54.0
1944.0,0.5095999999999989,0.0,42.0
1945.0,0.5095999999999989,0.0,30.0
2060.0,0.7839999999999989,0.0,30.0
2269.0,0.7448000000000015,0.0,30.0
2415.0,0.392000000000003,0.0,30.0
2163.0,0.35279999999999845,0.0,30.0
1944.0,0.16659999999999897,0.0,30.0
1941.0,0.19599999999999795,0.0,54.0
2168.0,0.23519999999999897,0.0,78.0
2133.0,0.2743999999999964,0.0,114.0
2047.0,0.4507999999999974,0.0,162.0
2513.0,0.33319999999999794,0.0,210.0
2773.0,0.7153999999999989,0.0,138.0
2921.0,0.9897999999999989,0.0,66.0
3318.0,0.7056000000000004,0.0,48.0
3190.0,0.40179999999999794,0.0,84.0
3064.0,0.43120000000000047,0.0,120.0
3273.0,0.3724000000000025,0.0,84.0
2898.0,0.3626000000000005,0.0,48.0
2528.0,0.44099999999999895,0.0,30.2
2129.0,0.44099999999999895,0.0,30.6
2311.0,0.2254000000000005,0.0,31.0
2129.0,0.23519999999999897,0.0,54.2
2038.0,0.2744,0.0,77.4
2636.0,0.28419999999999845,0.0,77.2
2609.0,0.28419999999999845,0.0,53.6
2521.0,0.254800000000003,0.0,30.0
2521.0,0.25479999999999947,0.0,78.0
2792.0,0.23520000000000252,0.0,126.0
2670.0,0.3038000000000025,0.0,126.0
2283.0,0.215600000000002,0.0,78.0
2251.0,0.1960000000000015,0.0,30.0
2339.0,0.19599999999999795,0.0,30.4
2342.0,0.176400000000001,0.0,30.8
2370.0,0.17640000000000455,0.0,30.6
2134.0,0.1372,0.0,29.8
2159.0,0.1568000000000005,0.0,29.0
1950.0,0.176400000000001,0.0,41.4
1980.0,0.14699999999999847,0.0,53.8
2099.0,0.11760000000000304,0.0,66.2
2397.0,0.1274000000000015,0.0,78.6
2432.0,0.09799999999999898,0.0,91.0
2369.0,0.09800000000000253,0.0,66.2
2220.0,0.12739999999999796,0.0,41.4
2189.0,0.14699999999999847,0.0,35.2
2131.0,0.107800000000001,0.0,47.6
2276.0,0.07840000000000202,0.0,60.0
2158.0,0.16659999999999897,0.0,96.0
2431.0,0.2646000000000015,0.0,132.0
2491.0,0.33319999999999794,0.0,126.0
2997.0,0.41159999999999997,0.0,78.0
2761.0,0.3625999999999969,0.0,30.0
2521.0,0.313600000000001,0.0,30.0
2283.0,0.245000000000001,0.0,30.0
2762.0,0.30379999999999896,0.0,48.0
2635.0,0.284200000000002,0.0,84.0
2132.0,0.2254000000000005,0.0,120.0
2100.0,0.18619999999999948,0.0,96.0
2520.0,0.18619999999999948,0.0,72.0
2515.0,0.20579999999999998,0.0,54.0
2849.0,0.18619999999999948,0.0,42.0
2728.0,0.14699999999999847,0.0,30.0
2726.0,0.1372,0.0,41.6
2822.0,0.0686,0.0,53.2
2459.0,0.07840000000000202,0.0,53.4
2251.0,0.0686,0.0,42.2
2397.0,4.027799999999999,0.0,31.0
2576.0,5.194000000000003,0.0,30.6
2282.0,4.468799999999998,0.0,30.2
2070.0,1.7542000000000009,0.0,30.0
2007.0,1.6855999999999973,0.0,30.0
1982.0,1.0093999999999994,0.0,30.0
2009.0,0.5291999999999994,0.0,30.0
2131.0,0.7056000000000004,0.0,30.0
2493.0,0.6761999999999979,0.0,30.2
3154.0,0.44099999999999895,0.0,30.6
3151.0,1.1662,0.0,31.0
2640.0,1.7149999999999999,0.0,30.6
1833.0,1.1564000000000014,0.0,30.2
1914.0,0.48019999999999996,0.0,29.8
2040.0,0.30379999999999896,0.0,29.4
2192.0,0.2940000000000005,0.0,29.0
2312.0,0.421400000000002,0.0,41.4
2306.0,0.970200000000002,0.0,53.8
2550.0,1.1564000000000014,0.0,54.0
2429.0,0.725200000000001,0.0,42.0
2460.0,0.519400000000001,0.0,30.0
2730.0,0.7545999999999999,0.0,30.0
2668.0,1.2544000000000004,0.0,30.0
2911.0,2.1755999999999993,0.0,30.0
3419.0,1.4994000000000085,0.0,30.0
3179.0,1.0290000000000106,0.0,30.0
2343.0,0.8820000000000014,0.0,54.0
2460.0,0.5095999999999989,0.0,78.0
2313.0,0.7742000000000004,0.0,78.0
2011.0,0.793800000000001,0.0,54.0
2099.0,0.695800000000002,0.0,30.0
2340.0,1.0779999999999994,0.0,30.4
2399.0,0.8329999999999984,0.0,30.8
2524.0,0.5585999999999984,0.0,36.6
2249.0,0.774200000000004,0.0,47.8
2430.0,0.774200000000004,0.0,59.0
2641.0,0.656600000000001,0.0,47.4
2488.0,0.793800000000001,0.0,35.8
2493.0,0.8526000000000025,0.0,30.2
2458.0,0.3724000000000025,0.0,30.6
2579.0,0.656600000000001,0.0,31.0
2040.0,0.5781999999999989,0.0,30.2
2342.0,0.656600000000001,0.0,29.4
2823.0,0.5291999999999994,0.0,29.2
2790.0,0.4018000000000086,0.0,29.6
2520.0,0.2254000000000005,0.0,30.0
2431.0,0.2744,0.0,30.0
2640.0,0.28419999999999845,0.0,30.0
2850.0,0.30379999999999896,0.0,30.0
2996.0,0.20579999999999998,0.0,30.0
3208.0,0.1568000000000005,0.0,30.0
3087.0,0.13719999999999644,0.0,42.4
3032.0,0.2254000000000005,0.0,54.8
3117.0,0.21560000000000912,0.0,54.8
2787.0,0.17639999999999745,0.0,42.4
2886.0,0.1960000000000015,0.0,30.0
2549.0,0.245000000000001,0.0,29.6
2372.0,0.21559999999999846,0.0,29.2
2313.0,0.25479999999999947,0.0,29.2
2374.0,0.2940000000000005,0.0,29.6
2909.0,0.5096000000000025,0.0,30.0
3208.0,0.558600000000002,0.0,30.0
2911.0,0.49980000000000047,0.0,30.0
2429.0,0.30379999999999896,0.0,30.0
2251.0,0.40179999999999794,0.0,30.0
2639.0,0.46059999999999945,0.0,30.0
2935.0,0.4997999999999969,0.0,30.0
2998.0,0.490000000000002,0.0,30.0
2311.0,0.3626000000000005,0.0,36.0
2487.0,0.313600000000001,0.0,48.0
2490.0,0.29399999999999693,0.0,60.0
2729.0,0.24499999999999744,0.0,72.0
2729.0,0.25479999999999947,0.0,84.0
2487.0,0.20579999999999998,0.0,78.2
2129.0,0.18619999999999948,0.0,54.6
2430.0,0.23520000000000252,0.0,31.0
3243.0,0.24499999999999744,0.0,30.2
3147.0,0.27440000000000353,0.0,29.4
2641.0,0.19599999999999795,0.0,35.2
2433.0,0.107800000000001,0.0,47.6
3093.0,0.1568000000000005,0.0,60.0
3295.0,0.15679999999999694,0.0,60.4
3028.0,3.949399999999997,0.0,60.8
2731.0,5.2037999999999975,0.0,54.8
2432.0,5.291999999999998,0.0,42.4
2309.0,1.3523999999999994,0.0,30.0
2157.0,0.872200000000003,0.0,29.6
2164.0,0.666400000000003,0.0,29.2
2188.0,0.6762000000000015,0.0,47.2
2126.0,0.450800000000001,0.0,83.6
2008.0,0.970200000000002,0.0,120.0
1950.0,0.9506000000000014,0.0,84.4
2403.0,0.6762000000000015,0.0,48.8
2641.0,0.803600000000003,0.0,30.6
3269.0,1.0779999999999994,0.0,29.8
2641.0,1.7247999999999983,0.0,29.0
2166.0,1.5288000000000004,0.0,29.4
2280.0,0.5095999999999989,0.0,29.8
2094.0,0.5977999999999994,0.0,36.0
2102.0,0.44099999999999895,0.0,48.0
2066.0,0.44099999999999184,0.0,60.0
2340.0,0.6467999999999918,0.0,60.4
2460.0,0.4802000000000035,0.0,60.8
2581.0,0.3724000000000025,0.0,54.6
2701.0,0.450800000000001,0.0,41.8
2614.0,0.519400000000001,0.0,29.0
2487.0,0.37239999999999895,0.0,30.2
2462.0,0.382200000000001,0.0,31.4
2730.0,0.588000000000001,0.0,31.4
2610.0,0.8820000000000014,0.0,30.2
2134.0,0.8329999999999984,0.0,29.0
2132.0,0.5782000000000025,0.0,29.4
2157.0,0.5977999999999994,0.0,29.8
2037.0,0.5585999999999984,0.0,29.8
2189.0,0.7056000000000004,0.0,29.4
2284.0,0.6467999999999989,0.0,29.0
2219.0,0.7349999999999994,0.0,41.4
1918.0,0.5291999999999994,0.0,53.8
1858.0,0.47039999999999793,0.0,54.0
2129.0,0.6663999999999994,0.0,42.0
2433.0,0.5291999999999994,0.0,30.0
2847.0,0.25479999999999947,0.0,78.0
2550.0,0.29400000000000404,0.0,126.0
2366.0,0.32339999999999947,0.0,126.0
2399.0,0.313600000000001,0.0,78.0
2551.0,0.313600000000001,0.0,30.0
2278.0,0.176400000000001,0.0,30.0
2426.0,0.18619999999999948,0.0,30.0
2462.0,0.18619999999999948,0.0,42.2
2374.0,0.20579999999999998,0.0,66.6
2136.0,0.16659999999999897,0.0,91.0
1946.0,0.14699999999999847,0.0,78.6
2368.0,0.2254000000000005,0.0,66.2
2435.0,0.16659999999999897,0.0,53.8
2610.0,0.18619999999999948,0.0,41.4
2188.0,0.1372,0.0,29.0
2279.0,0.1372,0.0,29.4
2070.0,0.1372,0.0,29.8
2281.0,0.14699999999999847,0.0,30.0
2522.0,0.1568000000000005,0.0,30.0
2998.0,0.20580000000000354,0.0,30.0
3330.0,0.23520000000000252,0.0,42.0
3601.0,0.17639999999999745,0.0,54.0
2943.0,0.1372,0.0,54.0
2461.0,0.09799999999999898,0.0,42.0
2190.0,0.12740000000000506,0.0,30.0
2399.0,0.11759999999999948,0.0,78.0
2400.0,0.1274000000000015,0.0,126.0
2635.0,0.23519999999999897,0.0,132.0
3002.0,0.26459999999999795,0.0,96.0
2757.0,0.25479999999999947,0.0,60.0
2310.0,0.24499999999999744,0.0,48.0
2278.0,0.2646000000000015,0.0,36.0
2310.0,0.18619999999999948,0.0,30.0
2732.0,0.16660000000000252,0.0,30.0
2729.0,0.18619999999999948,0.0,30.0
2340.0,0.18619999999999948,0.0,30.4
2523.0,0.1568000000000005,0.0,30.8
2670.0,0.21559999999999846,0.0,48.6
2939.0,0.26459999999999795,0.0,83.8
2549.0,0.21559999999999846,0.0,119.0
2308.0,0.16659999999999897,0.0,131.4
2370.0,0.1372,0.0,143.8
2673.0,0.16659999999999897,0.0,132.2
2729.0,0.19599999999999795,0.0,96.6
2340.0,0.14700000000000202,0.0,61.0
2283.0,0.04899999999999949,0.0,48.2
2638.0,0.05880000000000152,0.0,35.4
2819.0,0.07839999999999847,0.0,29.4
2581.0,3.4692000000000007,0.0,30.2
2334.0,5.419400000000003,0.0,31.0
2046.0,6.164200000000001,0.0,30.6
2365.0,1.274000000000001,0.0,30.2
2460.0,1.1956000000000024,0.0,29.8
2374.0,0.9506000000000014,0.0,29.4
2190.0,1.0584000000000024,0.0,29.0
2281.0,0.7448000000000015,0.0,29.8
1977.0,1.3719999999999999,0.0,30.6
1889.0,1.9796000000000014,0.0,36.6
1834.0,1.3916000000000004,0.0,47.8
2189.0,0.3626000000000005,0.0,59.0
2340.0,0.3038000000000025,0.0,47.8
2763.0,0.37239999999999895,0.0,36.6
2730.0,0.588000000000001,0.0,36.6
2549.0,0.7447999999999979,0.0,47.8
1896.0,0.46059999999999945,0.0,59.0
1922.0,0.38219999999999743,0.0,59.8
2075.0,0.38219999999999743,0.0,60.6
2732.0,0.6663999999999994,0.0,54.6
2938.0,0.7447999999999979,0.0,41.8
2610.0,0.31359999999999744,0.0,29.0
2309.0,0.5291999999999994,0.0,77.4
2134.0,0.656600000000001,0.0,125.8
2306.0,0.8917999999999999,0.0,132.0
2155.0,0.8231999999999999,0.0,96.0
1858.0,0.245000000000001,0.0,60.0
1891.0,0.35279999999999845,0.0,108.4
1982.0,0.35279999999999845,0.0,156.8
1951.0,0.20580000000000354,0.0,162.6
1979.0,0.30379999999999896,0.0,125.8
2014.0,0.43120000000000047,0.0,89.0
2128.0,0.4507999999999974,0.0,77.4
2187.0,0.2940000000000005,0.0,65.8
1953.0,0.18619999999999948,0.0,72.0
1831.0,0.19599999999999795,0.0,96.0
1647.0,0.28419999999999845,0.0,120.0
1922.0,0.3919999999999959,0.0,84.0
1861.0,0.32339999999999947,0.0,48.0
1857.0,0.44099999999999895,0.0,30.0
2068.0,0.4507999999999974,0.0,30.0
2042.0,0.5977999999999994,0.0,30.0
2190.0,0.48999999999999844,0.0,30.0
1949.0,0.529200000000003,0.0,30.0
1950.0,0.49980000000000047,0.0,42.0
2124.0,0.44099999999999895,0.0,66.0
2103.0,0.392000000000003,0.0,90.0
2014.0,0.47039999999999793,0.0,66.0
2043.0,0.17639999999999745,0.0,42.0
2130.0,0.254800000000003,0.0,30.0
2190.0,0.19599999999999795,0.0,30.0
2286.0,0.1372,0.0,30.0
2314.0,0.18619999999999948,0.0,54.0
2130.0,0.16660000000000252,0.0,78.0
2374.0,0.20579999999999998,0.0,84.2
2496.0,0.23520000000000252,0.0,72.6
2317.0,0.16659999999999897,0.0,61.0
1888.0,0.1274000000000015,0.0,72.6
1800.0,0.1274000000000015,0.0,84.2
1741.0,0.1960000000000015,0.0,89.8
2070.0,0.245000000000001,0.0,89.4
2191.0,0.1960000000000015,0.0,89.0
2130.0,0.09799999999999898,0.0,65.4
1981.0,0.107800000000001,0.0,41.8
2013.0,0.176400000000001,0.0,36.2
2034.0,0.1960000000000015,0.0,48.6
1919.0,0.1274000000000015,0.0,61.0
1859.0,0.0686,0.0,48.2
1862.0,0.17639999999999745,0.0,35.4
1857.0,0.20579999999999998,0.0,29.2
1986.0,0.24499999999999744,0.0,29.6
1917.0,0.18620000000000303,0.0,30.0
1954.0,0.254800000000003,0.0,30.0
2005.0,0.21559999999999846,0.0,30.0
1888.0,0.1568000000000005,0.0,30.0
2068.0,0.2254000000000005,0.0,30.0
2246.0,0.25479999999999947,0.0,30.0
2307.0,0.13720000000000354,0.0,30.4
2014.0,0.107800000000001,0.0,30.8
1980.0,0.18619999999999948,0.0,54.6
2004.0,0.17639999999999745,0.0,101.8
2065.0,0.18619999999999948,0.0,149.0
1974.0,0.16659999999999897,0.0,101.8
1983.0,0.1274000000000015,0.0,54.6
1950.0,0.107800000000001,0.0,36.6
2077.0,0.1274000000000015,0.0,47.8
2152.0,0.1372,0.0,59.0
2124.0,0.176400000000001,0.0,47.4
2245.0,0.09800000000000253,0.0,35.8
2459.0,0.107800000000001,0.0,30.0
2338.0,0.1568000000000005,0.0,30.0
2282.0,0.12739999999999796,0.0,30.0
2134.0,0.1568000000000005,0.0,54.0
1859.0,0.20579999999999998,0.0,78.0
2223.0,0.20579999999999998,0.0,90.2
2316.0,0.1568000000000005,0.0,90.6
2163.0,0.17639999999999745,0.0,91.0
2043.0,0.14700000000000202,0.0,66.6
2188.0,0.1568000000000005,0.0,42.2
2341.0,0.14700000000000202,0.0,30.0
2583.0,0.107800000000001,0.0,30.0
2339.0,0.13720000000000354,0.0,30.0
2184.0,0.23520000000000252,0.0,29.6
1916.0,0.39199999999999946,0.0,29.2
2010.0,0.6174,0.0,29.4
2048.0,0.7251999999999974,0.0,30.2
2004.0,0.8427999999999969,0.0,31.0
2432.0,1.1465999999999994,0.0,30.2
2461.0,1.2348,0.0,29.4
2436.0,0.793800000000001,0.0,29.4
2194.0,0.588000000000001,0.0,30.2
2129.0,1.0191999999999979,0.0,31.0
2313.0,1.2936000000000014,0.0,30.2
2128.0,0.9701999999999984,0.0,29.4
2162.0,0.8134000000000015,0.0,47.2
2185.0,0.9211999999999989,0.0,83.6
2076.0,0.901600000000002,0.0,120.0
1829.0,0.9800000000000004,0.0,96.0
1949.0,1.0779999999999994,0.0,72.0
2008.0,0.8917999999999999,0.0,60.2
2076.0,0.7840000000000025,0.0,60.6
2167.0,0.6370000000000005,0.0,61.0
2165.0,0.352800000000002,0.0,48.2
14159.0,0.2744,0.0,35.4
13982.0,0.5781999999999989,0.0,35.2
2188.0,0.7056000000000004,0.0,47.6
2343.0,0.41159999999999997,0.0,60.0
2138.0,0.24499999999999744,0.0,60.0
2216.0,0.421400000000002,0.0,60.0
2337.0,0.5879999999999974,0.0,54.0
2610.0,0.7546000000000035,0.0,42.0
2341.0,0.725200000000001,0.0,30.0
2430.0,0.6271999999999984,0.0,30.0
2582.0,0.6075999999999979,0.0,30.0
2788.0,0.6174,0.0,30.2
2698.0,0.490000000000002,0.0,30.6
2521.0,0.3724000000000025,0.0,31.0
2037.0,0.19599999999999795,0.0,30.2
1948.0,0.18619999999999948,0.0,29.4
2037.0,0.1960000000000015,0.0,35.2
2365.0,0.24499999999999744,0.0,47.6
2487.0,0.24499999999999744,0.0,60.0
2312.0,0.1960000000000015,0.0,48.0
2368.0,0.14699999999999847,0.0,36.0
2372.0,0.1568000000000005,0.0,54.0
2192.0,0.16659999999999897,0.0,102.0
2006.0,0.14699999999999847,0.0,150.0
1921.0,0.14699999999999847,0.0,126.0
2062.0,0.176400000000001,0.0,102.0
1864.0,0.1960000000000015,0.0,84.0
1919.0,0.18619999999999948,0.0,72.0
1865.0,0.19599999999999085,0.0,60.0
2046.0,0.215600000000002,0.0,60.0
1954.0,0.16659999999999897,0.0,60.0
1926.0,0.20579999999999998,0.0,54.2
1752.0,0.176400000000001,0.0,42.6
1831.0,0.1960000000000015,0.0,31.0
1887.0,0.19599999999999795,0.0,30.6
1951.0,0.11760000000000304,0.0,30.2
2004.0,0.0882000000000005,0.0,29.8
1979.0,0.10779999999999745,0.0,29.4
2009.0,0.13719999999999644,0.0,29.0
2071.0,0.16659999999999897,0.0,29.4
2247.0,0.28419999999999845,0.0,29.8
2128.0,0.3038000000000025,0.0,30.0
2035.0,0.22539999999999694,0.0,30.0
1947.0,0.2155999999999949,0.0,30.0
1977.0,0.21559999999999846,0.0,30.0
2186.0,0.1568000000000005,0.0,30.0
2042.0,0.1372000000000071,0.0,30.0
1830.0,0.14700000000000912,0.0,30.0
2252.0,0.18619999999999948,0.0,30.0
2281.0,0.22539999999999694,0.0,42.0
1971.0,0.16659999999999897,0.0,54.0
1825.0,0.107800000000001,0.0,66.2
1913.0,0.1372,0.0,78.6
1986.0,0.11759999999999948,0.0,91.0
2019.0,0.17639999999999745,0.0,90.2
1978.0,0.12739999999999796,0.0,89.4
2039.0,0.1372,0.0,95.2
2130.0,0.176400000000001,0.0,107.6
2064.0,0.11759999999999948,0.0,120.0
2006.0,0.07839999999999847,0.0,84.0
1986.0,0.09799999999999898,0.0,48.0
2190.0,0.16659999999999897,0.0,36.0
2160.0,0.10779999999999745,0.0,48.0
2099.0,0.09799999999999898,0.0,60.0
2036.0,0.2254000000000005,0.0,48.0
1949.0,0.42139999999999844,0.0,36.0
2188.0,0.656600000000001,0.0,42.2
2157.0,0.8428000000000004,0.0,66.6
2060.0,0.9407999999999994,0.0,91.0
1916.0,0.8721999999999994,0.0,78.2
2184.0,0.9212000000000025,0.0,65.4
1890.0,0.8525999999999989,0.0,71.4
1712.0,0.803600000000003,0.0,96.2
2193.0,0.8819999999999979,0.0,121.0
2255.0,0.9015999999999984,0.0,108.2
2075.0,0.8035999999999994,0.0,95.4
2192.0,0.9211999999999989,0.0,77.4
2190.0,0.9407999999999994,0.0,54.2
2156.0,0.9407999999999994,0.0,31.0
2096.0,0.9407999999999994,0.0,66.6
1982.0,1.0387999999999984,0.0,102.2
24447.0,0.6467999999999989,0.0,108.0
24517.0,0.3332000000000015,0.0,84.0
24608.0,0.490000000000002,0.0,60.0
1771.0,0.529200000000003,0.0,59.6
1742.0,0.588000000000001,0.0,59.2
1956.0,0.6076000000000015,0.0,53.4
1776.0,0.48999999999999844,0.0,42.2
1599.0,0.382200000000001,0.0,31.0
1526.0,0.37239999999999895,0.0,30.6
1622.0,0.3332000000000015,0.0,30.2
1713.0,0.3038000000000096,0.0,29.8
1658.0,0.284200000000002,0.0,29.4
1619.0,0.245000000000001,0.0,29.0
1587.0,0.3038000000000025,0.0,89.8
1729.0,0.25479999999999947,0.0,150.6
1863.0,0.1960000000000015,0.0,150.6
1959.0,0.2646000000000015,0.0,89.8
1822.0,0.2254000000000005,0.0,29.0
1991.0,0.18619999999999948,0.0,29.8
1889.0,0.20579999999999998,0.0,30.6
1715.0,0.1372,0.0,30.6
1800.0,0.1568000000000005,0.0,29.8
1804.0,0.10779999999999745,0.0,29.0
1652.0,0.0882000000000005,0.0,29.8
1800.0,0.11759999999999948,0.0,30.6
1799.0,0.0686,0.0,30.6
1766.0,0.10779999999999745,0.0,29.8
1645.0,0.09799999999999898,0.0,29.0
1654.0,0.08819999999999695,0.0,53.8
1643.0,0.107800000000001,0.0,78.6
1621.0,0.09799999999999898,0.0,78.6
1648.0,0.09799999999999898,0.0,53.8
1714.0,0.12739999999999796,0.0,29.0
1823.0,0.11759999999999948,0.0,29.4
1678.0,0.0882000000000005,0.0,29.8
1685.0,0.10779999999999745,0.0,30.2
1681.0,0.12740000000000862,0.0,30.6
1693.0,0.107800000000001,0.0,31.0
1712.0,0.14699999999999847,0.0,30.6
1680.0,0.1372,0.0,30.2
1891.0,0.11759999999999948,0.0,42.0
1940.0,0.1372,0.0,66.0
1766.0,0.1372,0.0,90.0
1804.0,0.09800000000000253,0.0,66.0
1620.0,0.07840000000000202,0.0,42.0
1727.0,0.107800000000001,0.0,29.8
1774.0,0.11759999999999593,0.0,29.4
1800.0,0.10779999999999745,0.0,29.0
1835.0,0.14699999999999847,0.0,29.8
1737.0,0.1274000000000015,0.0,30.6
1621.0,0.07840000000000202,0.0,30.6
1773.0,0.107800000000001,0.0,29.8
1888.0,0.1568000000000005,0.0,29.0
1910.0,0.107800000000001,0.0,29.8
1740.0,0.0882000000000005,0.0,30.6
1668.0,0.07840000000000202,0.0,42.8
1562.0,0.07839999999999847,0.0,66.4
1716.0,0.107800000000001,0.0,90.0
1706.0,0.1372,0.0,65.6
1650.0,0.09800000000000963,0.0,41.2
1558.0,0.07840000000000202,0.0,29.4
1746.0,0.1372,0.0,30.2
1757.0,0.1372,0.0,31.0
1682.0,0.176400000000001,0.0,54.2
1777.0,0.0882000000000005,0.0,77.4
1825.0,0.05880000000000152,0.0,77.4
1737.0,0.04899999999999949,0.0,54.2
1999.0,0.5488,0.0,31.0
1958.0,3.4887999999999977,0.0,42.6
1750.0,3.6652000000000022,0.0,54.2
1588.0,0.9800000000000004,0.0,53.8
1617.0,1.274000000000001,0.0,41.4
1609.0,1.6463999999999999,0.0,29.0
1690.0,0.9603999999999999,0.0,29.8
1685.0,0.33319999999999794,0.0,30.6
1675.0,0.450800000000001,0.0,42.8
1658.0,0.6075999999999979,0.0,66.4
1656.0,0.6174,0.0,90.0
1556.0,0.490000000000002,0.0,66.0
1570.0,0.215600000000002,0.0,42.0
1518.0,0.23520000000000252,0.0,30.0
1621.0,0.6859999999999999,0.0,30.0
1622.0,0.9309999999999974,0.0,30.0
1913.0,1.3328000000000024,0.0,30.0
1976.0,1.9894000000000034,0.0,30.0
1770.0,2.2735999999999983,0.0,29.8
1794.0,1.7247999999999983,0.0,29.4
1949.0,1.4993999999999978,0.0,29.0
2214.0,0.9506000000000014,0.0,29.8
2126.0,0.803600000000003,0.0,30.6
1862.0,0.8134000000000015,0.0,30.8
1738.0,0.519400000000001,0.0,30.4
1698.0,0.47039999999999793,0.0,30.0
2071.0,0.30379999999999896,0.0,29.6
2045.0,0.1372,0.0,29.2
1978.0,0.3332000000000015,0.0,29.2
2129.0,0.2940000000000005,0.0,29.6
2185.0,0.20579999999999998,0.0,30.0
2276.0,0.2744,0.0,42.4
1945.0,0.4704000000000015,0.0,54.8
1890.0,0.4704000000000015,0.0,54.6
1980.0,0.3038000000000025,0.0,41.8
2101.0,0.39199999999999946,0.0,29.0
2483.0,0.313600000000001,0.0,29.4
2434.0,0.176400000000001,0.0,29.8
2162.0,0.2940000000000005,0.0,36.2
2032.0,0.49980000000000047,0.0,48.6
1773.0,0.43120000000000047,0.0,61.0
1878.0,0.32339999999999947,0.0,48.2
2125.0,0.4801999999999964,0.0,35.4
2036.0,0.3625999999999969,0.0,41.2
1862.0,0.20579999999999643,0.0,65.6
2072.0,0.1568000000000005,0.0,90.0
2219.0,0.41159999999999997,0.0,78.4
2286.0,0.558600000000002,0.0,66.8
2139.0,0.323400000000003,0.0,54.6
2073.0,0.34299999999999997,0.0,41.8
1833.0,0.8819999999999979,0.0,29.0
1740.0,0.9996000000000009,0.0,101.4
1742.0,0.8525999999999989,0.0,173.8
1864.0,1.2151999999999994,0.0,174.2
1950.0,1.0486000000000004,0.0,102.6
1836.0,0.34299999999999997,0.0,31.0
1921.0,0.34299999999999997,0.0,54.2
1884.0,0.29399999999999693,0.0,77.4
1657.0,0.176400000000001,0.0,77.2
1652.0,0.08820000000000405,0.0,53.6
1746.0,0.1274000000000015,0.0,30.0
1867.0,0.10779999999999745,0.0,54.0
1825.0,0.07839999999999847,0.0,78.0
1968.0,0.09799999999999898,0.0,78.2
2107.0,0.1960000000000015,0.0,54.6
2076.0,0.21559999999999846,0.0,31.0
2185.0,0.2940000000000005,0.0,78.2
2156.0,0.24499999999999744,0.0,125.4
2308.0,0.23519999999999897,0.0,125.4
2363.0,0.18620000000000303,0.0,78.2
2124.0,0.18619999999999948,0.0,31.0
1650.0,0.15680000000000405,0.0,30.6
1777.0,0.1960000000000015,0.0,30.2
2098.0,0.20579999999999998,0.0,47.8
2215.0,0.1568000000000005,0.0,83.4
2248.0,0.1568000000000005,0.0,119.0
2100.0,0.14699999999999847,0.0,83.8
2256.0,0.1960000000000015,0.0,48.6
2101.0,0.1960000000000015,0.0,48.6
1835.0,0.1372,0.0,83.8
1828.0,0.09799999999999898,0.0,119.0
2256.0,0.16660000000000252,0.0,95.8
2132.0,0.20579999999999998,0.0,72.6
1835.0,0.16660000000000252,0.0,60.6
1804.0,0.13719999999999644,0.0,59.8
2095.0,0.18619999999999948,0.0,59.0
2256.0,0.215600000000002,0.0,83.8
2154.0,0.20579999999999998,0.0,108.6
1983.0,0.1568000000000005,0.0,108.8
2008.0,0.16659999999999897,0.0,84.4
2193.0,0.17639999999999745,0.0,60.0
1096345.0,0.9310000000000009,0.0,48.0
1096163.0,0.9114000000000004,0.0,36.0
1095837.0,0.901600000000002,0.0,30.0
1095585.0,0.8917999999999999,0.0,30.0
1095832.0,0.9407999999999994,0.0,30.0
1095727.0,0.9603999999999999,0.0,77.6
1095677.0,0.9800000000000004,0.0,125.2
1095647.0,1.0486000000000004,0.0,137.2
1095484.0,0.9897999999999989,0.0,113.6
1095466.0,0.999600000000008,0.0,90.0
1095684.0,0.9309999999999974,0.0,78.0
1095667.0,0.9800000000000004,0.0,66.0
1095894.0,1.0191999999999979,0.0,78.0
1095733.0,1.0192000000000014,0.0,114.0
1095436.0,1.0192000000000014,0.0,150.0
1095476.0,1.068200000000001,0.0,114.4
1095547.0,1.126999999999999,0.0,78.8
1095714.0,1.107400000000002,0.0,72.8
1095752.0,1.1171999999999969,0.0,96.4
1095777.0,1.1465999999999994,0.0,120.0
1095845.0,1.1564000000000014,0.0,84.0
1095694.0,1.215200000000003,0.0,48.0
1095559.0,1.244600000000002,0.0,59.8
1095350.0,1.274000000000001,0.0,119.4
1095597.0,3.890599999999999,0.0,179.0
1095733.0,4.694199999999999,0.0,167.4
1095681.0,5.2037999999999975,0.0,155.8
1095579.0,5.674199999999999,0.0,138.0
1095346.0,6.0367999999999995,0.0,114.0
1095654.0,6.183799999999998,0.0,90.0
1095715.0,6.1936,0.0,162.0
1095775.0,6.0760000000000005,0.0,234.0
1095769.0,5.909399999999998,0.0,228.2
1095623.0,5.8211999999999975,0.0,144.6
1095750.0,5.517400000000002,0.0,61.0
1095799.0,5.086200000000002,0.0,72.2
1095595.0,5.037200000000002,0.0,83.4
1095974.0,4.164999999999999,0.0,101.2
1095893.0,3.5573999999999977,0.0,125.6
1095804.0,2.685200000000002,0.0,150.0
1095543.0,2.440200000000001,0.0,114.0
1095534.0,2.3911999999999978,0.0,78.0
1095646.0,2.401,0.0,78.2
1095589.0,2.5185999999999993,0.0,114.6
1095684.0,2.5970000000000013,0.0,151.0
1095573.0,2.6851999999999983,0.0,114.2
1095753.0,2.7537999999999982,0.0,77.4
1095845.0,2.8223999999999982,0.0,53.4
1095863.0,2.920399999999997,0.0,42.2
1095599.0,2.9497999999999998,0.0,31.0
1095507.0,2.959600000000002,0.0,30.2
1095526.0,2.5675999999999988,0.0,29.4
1095591.0,2.8028000000000013,0.0,35.2
1095534.0,2.9105999999999987,0.0,47.6
1095708.0,3.1359999999999992,0.0,60.0
1095812.0,3.1751999999999967,0.0,108.4
1095624.0,3.273199999999999,0.0,156.8
1095654.0,3.3221999999999987,0.0,180.8
1095718.0,3.478999999999999,0.0,180.4
1095834.0,3.5671999999999997,0.0,180.0
1095951.0,3.684799999999999,0.0,168.0
1095980.0,3.7239999999999966,0.0,156.0
1095805.0,3.7337999999999987,0.0,126.0
1095831.0,6.8796,0.0,78.0
1095831.0,6.938399999999998,0.0,30.0
1095925.0,6.987400000000001,0.0,29.6
1095658.0,4.351199999999999,0.0,29.2
1095742.0,3.8709999999999987,0.0,29.2
1095749.0,3.8023999999999987,0.0,29.6
1095622.0,3.831800000000001,0.0,30.0
1095745.0,3.8023999999999987,0.0,42.4
1095749.0,3.6651999999999987,0.0,54.8
1095774.0,3.4985999999999997,0.0,66.8
1095600.0,3.3907999999999987,0.0,78.4
1095764.0,2.9204000000000008,0.0,90.0
1095647.0,2.9595999999999982,0.0,65.6
1095466.0,2.9008000000000003,0.0,41.2
1096004.0,3.028200000000002,0.0,29.2
1096014.0,3.0086000000000013,0.0,29.6
1095908.0,3.2927999999999997,0.0,30.0
1096015.0,3.6750000000000007,0.0,30.4
1096014.0,3.8220000000000027,0.0,30.8
1095980.0,3.8220000000000027,0.0,30.6
1095534.0,3.763200000000001,0.0,29.8
1095774.0,3.6260000000000012,0.0,29.0
1095654.0,3.616199999999999,0.0,29.4
1095714.0,3.5182,0.0,29.8
1095875.0,3.3418000000000028,0.0,30.2
1095654.0,3.2927999999999997,0.0,30.6
1095775.0,3.2340000000000018,0.0,31.0
1095743.0,3.1751999999999967,0.0,30.6
1095729.0,3.0085999999999977,0.0,30.2
1095802.0,2.8713999999999977,0.0,29.8
1095526.0,1.7346000000000004,0.0,29.4
1095439.0,0.8819999999999979,0.0,29.0
1095593.0,1.2445999999999984,0.0,29.8
1095731.0,1.450400000000002,0.0,30.6
1095655.0,1.411200000000001,0.0,36.8
1095611.0,1.3719999999999999,0.0,48.4
1095533.0,1.2935999999999979,0.0,60.0
1095587.0,1.1465999999999994,0.0,48.0
1095413.0,1.0192000000000014,0.0,36.0
1095726.0,0.9114000000000004,0.0,35.8
1095828.0,0.901600000000002,0.0,47.4
1095649.0,0.8231999999999999,0.0,59.0
1095370.0,0.7153999999999989,0.0,59.8
1095685.0,0.6468000000000025,0.0,60.6
1095653.0,0.6370000000000005,0.0,66.8
1095591.0,0.6075999999999979,0.0,78.4
1095617.0,0.627200000000002,0.0,90.0
1095646.0,0.7545999999999999,0.0,65.6
1095627.0,0.7055999999999969,0.0,41.2
1095684.0,0.8231999999999999,0.0,4823.4
1095591.0,0.8525999999999989,0.0,14412.2
1095828.0,0.8525999999999989,1.0,24001.0
1095735.0,0.8231999999999964,1.0,14412.2
1095329.0,0.7545999999999999,1.0,4823.4
1095734.0,0.725200000000001,0.0,35.4
1095674.0,0.7349999999999994,0.0,48.2
1095559.0,0.7937999999999974,0.0,61.0
1095538.0,0.7937999999999974,0.0,48.6
1095645.0,0.7840000000000025,0.0,36.2
1095604.0,0.8918000000000035,0.0,48.0
1095623.0,0.872200000000003,0.0,84.0
1095763.0,0.8526000000000025,0.0,120.0
1095681.0,0.8624000000000009,0.0,180.0
1095645.0,0.8526000000000025,0.0,240.0
1095625.0,0.901600000000002,0.0,227.8
1095436.0,0.901600000000002,0.0,143.4
1095499.0,0.901600000000002,0.0,59.0
1095498.0,0.7643999999999984,0.0,95.8
1095349.0,0.6174,0.0,132.6
1095498.0,0.5977999999999994,0.0,132.8
1095506.0,0.6174,0.0,96.4
1095444.0,0.656600000000001,0.0,60.0
1095409.0,0.666400000000003,0.0,48.0
1095467.0,0.6663999999999994,0.0,36.0
1095424.0,0.6859999999999999,0.0,29.8
1095507.0,0.6565999999999974,0.0,29.4
1095504.0,0.6467999999999989,0.0,29.0
1095495.0,0.6174,0.0,29.4
1095536.0,0.5782000000000025,0.0,29.8
1095565.0,0.5782000000000025,0.0,204.0
1095505.0,0.519400000000001,0.0,552.0
1095426.0,0.5095999999999989,1.0,900.0
1095472.0,0.47039999999999793,1.0,588.0
1095621.0,0.47039999999999793,1.0,276.0
1095656.0,0.48999999999999844,0.0,102.0
1095657.0,0.49980000000000047,0.0,66.0
1095656.0,0.6174,0.0,30.0
1095655.0,0.6370000000000005,0.0,30.0
1095566.0,0.6467999999999989,0.0,30.0
1095510.0,0.519400000000001,0.0,30.0
1095442.0,0.5193999999999974,0.0,30.0
1095470.0,0.5488,0.0,30.0
1095624.0,0.5977999999999994,0.0,42.0
1095569.0,0.6076000000000015,0.0,54.0
1095350.0,0.6174,0.0,53.8
1095352.0,0.656600000000001,0.0,41.4
1095410.0,0.6663999999999994,0.0,29.0
1095447.0,0.656600000000001,0.0,77.8
1095446.0,0.7153999999999989,0.0,126.6
1095349.0,0.7545999999999964,0.0,144.8
1095324.0,0.9114000000000004,0.0,132.4
1095213.0,0.9211999999999989,0.0,120.0
1095570.0,1.029,0.0,83.6
1095626.0,1.0485999999999969,0.0,47.2
1095659.0,1.1073999999999984,0.0,35.4
1095509.0,1.0976,0.0,48.2
1095579.0,1.1662,0.0,61.0
1095474.0,1.2151999999999994,0.0,48.6
1095791.0,2.7145999999999972,0.0,36.2
1095632.0,4.3218,0.0,168.2
1095653.0,4.831400000000002,0.0,444.6
1095469.0,5.684000000000001,1.0,721.0
1096046.0,5.782,1.0,443.8
1096046.0,5.8995999999999995,1.0,166.6
1095361.0,5.8995999999999995,0.0,28.8
1095341.0,5.958400000000001,0.0,30.4
1095530.0,5.9975999999999985,0.0,32.0
1095710.0,5.9094000000000015,0.0,30.4
1095585.0,5.811399999999999,0.0,28.8
1095514.0,5.586000000000002,0.0,28.6
1095482.0,5.0764,0.0,29.8
1095762.0,4.929400000000001,0.0,31.0
1096141.0,4.351199999999999,0.0,30.6
1096227.0,4.116,0.0,30.2
2469.0,0.2744,0.0,36.0
2576.0,0.284200000000002,0.0,48.0
2400.0,0.2744,0.0,60.0
2177.0,0.245000000000001,0.0,48.0
1951.0,0.30379999999999896,0.0,36.0
2201.0,0.14700000000000202,0.0,36.0
2219.0,0.107800000000001,0.0,48.0
2351.0,0.2646000000000015,0.0,60.0
2132.0,0.28419999999999845,0.0,60.0
2257.0,0.3038000000000025,0.0,60.0
2618.0,0.254800000000003,0.0,59.8
2550.0,0.284200000000002,0.0,59.4
2697.0,0.323400000000003,0.0,59.0
2575.0,0.23520000000000252,0.0,227.0
2361.0,0.18619999999999948,0.0,395.0
2369.0,0.26459999999999795,1.0,389.0
2222.0,0.28419999999999845,1.0,209.0
2077.0,0.32339999999999947,0.0,29.0
2232.0,0.25479999999999947,0.0,41.4
2460.0,0.25479999999999947,0.0,53.8
2849.0,0.46059999999999945,0.0,60.2
3000.0,0.49980000000000047,0.0,60.6
2984.0,0.23520000000000252,0.0,61.0
2419.0,0.16660000000000252,0.0,60.2
2106.0,0.48999999999999844,0.0,59.4
2197.0,0.48019999999999996,0.0,65.4
2527.0,0.313600000000001,0.0,78.2
2444.0,2.1462000000000003,0.0,91.0
2603.0,3.028200000000002,0.0,78.6
2428.0,2.165800000000001,0.0,66.2
2101.0,1.7052000000000014,0.0,60.0
2156.0,1.0387999999999984,0.0,60.0
2162.0,0.48019999999999996,0.0,60.0
2111.0,0.392000000000003,0.0,60.0
2250.0,0.970200000000002,0.0,60.0
2595.0,0.901600000000002,0.0,54.0
2387.0,0.46059999999999945,0.0,42.0
2242.0,0.5781999999999989,0.0,30.0
1887.0,0.5095999999999989,0.0,246.0
2047.0,0.382200000000001,0.0,462.0
1867.0,0.43120000000000047,1.0,468.0
2092.0,0.4704000000000015,1.0,264.0
2106.0,0.37239999999999895,0.0,60.0
2377.0,0.5977999999999994,0.0,47.6
2636.0,0.44099999999999895,0.0,35.2
2773.0,0.1372,0.0,35.4
2326.0,0.12739999999999796,0.0,48.2
2105.0,0.18619999999999592,0.0,61.0
1890.0,0.30379999999999896,0.0,48.2
1974.0,0.2254000000000005,0.0,35.4
1825.0,0.313600000000001,0.0,35.4
1724.0,0.22539999999998983,0.0,48.2
1950.0,0.23519999999999897,0.0,61.0
2071.0,0.313600000000001,0.0,49.0
1918.0,0.26459999999999795,0.0,37.0
1981.0,0.34299999999999997,0.0,30.6
2036.0,0.35279999999999845,0.0,29.8
2044.0,0.10779999999999745,0.0,29.0
1947.0,0.14699999999999847,0.0,53.0
2006.0,0.1960000000000015,0.0,77.0
2050.0,0.1960000000000015,0.0,83.6
2086.0,0.313600000000001,0.0,72.8
2588.0,0.7251999999999974,0.0,62.0
2640.0,0.9309999999999974,0.0,228.8
2381.0,0.44099999999999895,0.0,395.6
2011.0,0.529200000000003,1.0,395.4
1878.0,0.529200000000003,1.0,228.2
1955.0,0.215600000000002,0.0,61.0
1752.0,0.2254000000000005,0.0,60.2
1680.0,0.41159999999999997,0.0,59.4
1755.0,0.48999999999999844,0.0,53.4
2087.0,0.47039999999999793,0.0,42.2
2251.0,0.7839999999999989,0.0,31.0
2278.0,0.8428000000000004,0.0,30.6
2547.0,0.6467999999999989,0.0,30.2
3045.0,0.725200000000001,0.0,48.0
2887.0,0.21559999999999135,0.0,84.0
2644.0,0.13719999999998933,0.0,120.0
2162.0,0.1665999999999883,0.0,84.0
1978.0,0.1568000000000005,0.0,48.0
1923.0,0.2254000000000005,0.0,30.0
1978.0,0.23520000000000252,0.0,30.0
2806.0,0.313600000000001,0.0,30.0
3026.0,0.245000000000001,0.0,30.0
2843.0,0.29399999999999693,0.0,30.0
2555.0,0.37239999999999895,0.0,29.8
2301.0,0.323400000000003,0.0,29.4
2237.0,0.421400000000002,0.0,29.0
2214.0,0.48999999999999844,0.0,210.2
2619.0,0.26459999999999795,0.0,391.4
2730.0,0.25479999999999947,1.0,403.4
2427.0,0.4802000000000035,1.0,246.2
1094585.0,2.7048000000000023,0.0,89.0
1094824.0,3.469199999999997,0.0,65.8
1095377.0,3.9101999999999997,0.0,42.6
1095649.0,3.9395999999999987,0.0,36.6
1095509.0,4.292400000000001,0.0,47.8
1095575.0,4.292400000000001,0.0,59.0
1095358.0,4.106200000000001,0.0,71.4
1095276.0,3.724,0.0,83.8
1095365.0,3.4790000000000028,0.0,96.0
1095393.0,3.0673999999999992,0.0,108.0
1095539.0,3.1948000000000008,0.0,120.0
1095329.0,3.4201999999999977,0.0,84.0
1095395.0,3.635799999999996,0.0,48.0
1095424.0,3.743599999999997,0.0,42.2
1095184.0,3.5574000000000012,0.0,66.6
1095516.0,3.3124000000000002,0.0,91.0
1095005.0,3.2928000000000033,0.0,66.2
1094436.0,3.2928000000000033,0.0,41.4
1529.0,0.5291999999999994,0.0,29.2
1532.0,0.5291999999999994,0.0,29.6
1532.0,0.656600000000001,0.0,30.0
1503.0,0.4802000000000035,0.0,257.6
1478.0,0.26459999999999795,0.0,485.2
1471.0,0.29399999999999693,1.0,485.2
1500.0,0.2744,1.0,257.6
1500.0,0.2744,0.0,30.0
1469.0,0.18620000000000303,0.0,30.0
1474.0,0.1960000000000015,0.0,30.0
1474.0,0.20579999999999998,0.0,30.0
1470.0,0.12739999999999796,0.0,30.0
1470.0,0.18619999999999948,0.0,30.0
1469.0,0.284200000000002,0.0,42.4
1471.0,0.2744,0.0,54.8
1468.0,0.352800000000002,0.0,54.6
1472.0,0.6076000000000015,0.0,41.8
1474.0,0.5488,0.0,29.0
1466.0,0.41159999999999997,0.0,53.4
1469.0,0.421400000000002,0.0,77.8
1470.0,0.25479999999999947,0.0,90.2
1471.0,0.20579999999999998,0.0,90.6
1472.0,0.6957999999999984,0.0,91.0
1473.0,1.5288000000000004,0.0,66.2
1470.0,1.8228000000000009,0.0,41.4
1468.0,1.029,0.0,29.2
1471.0,1.1172000000000004,0.0,29.6
1470.0,1.7934000000000019,0.0,30.0
1528.0,1.3916000000000004,0.0,198.0
1744.0,0.5585999999999984,0.0,366.0
1933.0,0.7643999999999984,1.0,366.0
2141.0,0.6859999999999999,1.0,198.0
2399.0,0.5488,0.0,30.0
2519.0,0.7742000000000004,0.0,30.4
2365.0,0.872200000000003,0.0,30.8
2587.0,0.7839999999999989,0.0,30.4
2493.0,0.2254000000000005,0.0,29.2
2377.0,0.14699999999999847,0.0,28.0
2339.0,0.1274000000000015,0.0,41.2
2358.0,0.1372,0.0,54.4
2409.0,0.107800000000001,0.0,55.0
2494.0,0.11759999999999948,0.0,43.0
3049.0,0.21559999999999846,0.0,31.0
2998.0,0.215600000000002,0.0,30.2
2322.0,0.1568000000000005,0.0,29.4
2131.0,0.14699999999999847,0.0,35.2
1946.0,0.176400000000001,0.0,47.6
1888.0,0.1568000000000005,0.0,60.0
1834.0,0.107800000000001,0.0,48.0
1927.0,0.1372,0.0,36.0
2052.0,0.16659999999999897,0.0,30.0
2153.0,0.16660000000000252,0.0,30.0
2035.0,0.14699999999999847,0.0,30.0
2070.0,0.1568000000000005,0.0,162.4
2368.0,0.25479999999999947,0.0,294.8
2364.0,0.24499999999999744,1.0,294.4
2480.0,0.33319999999999794,1.0,161.2
2580.0,0.39199999999999946,0.0,28.0
2727.0,0.33319999999999794,0.0,29.2
2878.0,0.37239999999999895,0.0,30.4
2750.0,0.3625999999999969,0.0,54.8
2614.0,0.30379999999999896,0.0,102.4
2513.0,0.28419999999999845,0.0,150.0
2916.0,0.2744,0.0,102.0
2695.0,0.25479999999999947,0.0,54.0
2335.0,0.176400000000001,0.0,30.0
2285.0,0.215600000000002,0.0,30.0
2340.0,0.17639999999999745,0.0,30.0
2552.0,0.14700000000000202,0.0,53.6
2459.0,0.176400000000001,0.0,77.2
2492.0,0.1960000000000015,0.0,77.4
2488.0,0.215600000000002,0.0,54.2
2511.0,0.1960000000000015,0.0,31.0
2732.0,0.17639999999999745,0.0,42.6
2514.0,0.09799999999999898,0.0,54.2
2580.0,0.09799999999999898,0.0,143.6
2692.0,0.0882000000000005,0.0,310.8
3023.0,0.11759999999999948,1.0,478.0
2944.0,0.09799999999999898,1.0,299.6
2576.0,1.8620000000000019,1.0,121.2
2440.0,2.7047999999999988,0.0,31.4
2193.0,1.7737999999999978,0.0,30.2
2310.0,1.0877999999999979,0.0,29.0
2370.0,0.9701999999999984,0.0,65.4
2333.0,0.44099999999999895,0.0,101.8
2107.0,0.43120000000000047,0.0,102.0
2127.0,0.9603999999999964,0.0,66.0
2490.0,0.9603999999999964,0.0,30.0
2368.0,1.029,0.0,54.4
2427.0,1.029,0.0,78.8
2520.0,0.9114000000000004,0.0,78.6
2901.0,0.8820000000000014,0.0,53.8
2736.0,0.490000000000002,0.0,29.0
3088.0,0.8721999999999994,0.0,29.8
2590.0,0.8035999999999994,0.0,30.6
2186.0,0.7937999999999974,0.0,30.6
2338.0,0.597800000000003,0.0,29.8
2512.0,1.1465999999999958,0.0,29.0
2547.0,1.0192000000000014,0.0,29.4
2183.0,0.5782000000000025,0.0,29.8
2278.0,0.1274000000000015,0.0,120.2
2226.0,0.1372,0.0,300.6
2368.0,0.0882000000000005,1.0,481.0
2520.0,0.14699999999999847,1.0,372.6
2708.0,0.16659999999999897,1.0,264.2
2450.0,0.0882000000000005,0.0,179.8
2582.0,0.176400000000001,0.0,119.4
2815.0,1.107400000000002,0.0,59.0
2913.0,1.274000000000001,0.0,60.2
2860.0,0.5683999999999969,0.0,61.4
2646.0,0.352800000000002,0.0,67.4
2121.0,0.48019999999999996,0.0,78.2
2617.0,0.8721999999999994,0.0,89.0
2995.0,1.1465999999999994,0.0,77.4
3217.0,1.9404000000000003,0.0,65.8
3482.0,1.9600000000000009,0.0,54.2
3267.0,0.33319999999999794,0.0,42.6
3033.0,0.43120000000000047,0.0,31.0
2793.0,0.48019999999999996,0.0,42.2
2701.0,0.31359999999999744,0.0,53.4
2816.0,0.22539999999999694,0.0,53.0
3662.0,0.26459999999999795,0.0,41.0
3560.0,0.32339999999999947,0.0,29.0
2852.0,0.20579999999999998,0.0,41.4
2668.0,0.14699999999999847,0.0,53.8
2389.0,0.107800000000001,0.0,191.8
2545.0,0.12739999999999796,0.0,455.4
2434.0,0.12739999999999796,1.0,719.0
2070.0,0.107800000000001,1.0,443.4
2302.0,0.07839999999999847,1.0,167.8
2344.0,0.12739999999999796,0.0,36.2
2489.0,0.19599999999999795,0.0,48.6
2408.0,0.20579999999999998,0.0,61.0
2331.0,0.176400000000001,0.0,48.6
2277.0,0.19599999999999795,0.0,36.2
2219.0,0.17639999999999745,0.0,36.2
2257.0,0.1568000000000005,0.0,48.6
2410.0,0.1568000000000005,0.0,61.0
2647.0,0.1568000000000005,0.0,48.2
2472.0,0.1960000000000015,0.0,35.4
2757.0,0.176400000000001,0.0,29.2
2587.0,0.14699999999999847,0.0,29.6
2480.0,0.14699999999999136,0.0,30.0
2203.0,0.07839999999999492,0.0,66.4
2407.0,0.0882000000000005,0.0,102.8
2760.0,0.11760000000000304,0.0,108.8
3362.0,0.23519999999999897,0.0,84.4
3444.0,0.21559999999999846,0.0,60.0
3160.0,0.2254000000000005,0.0,47.6
2977.0,0.176400000000001,0.0,35.2
2971.0,0.107800000000001,0.0,125.4
3539.0,0.215600000000002,0.0,318.2
3717.0,0.1568000000000005,1.0,511.0
3301.0,0.14699999999999847,1.0,319.0
2825.0,0.176400000000001,1.0,127.0
2401.0,0.1372,0.0,48.6
2285.0,0.07839999999999847,0.0,83.8
2426.0,0.07839999999999847,0.0,119.0
2728.0,0.09799999999999898,0.0,107.4
2948.0,0.176400000000001,0.0,95.8
3369.0,0.656600000000001,0.0,78.0
2949.0,1.107400000000002,0.0,54.0
2362.0,1.2445999999999984,0.0,30.0
2525.0,1.2641999999999989,0.0,30.0
2663.0,1.1172000000000004,0.0,30.0
2916.0,1.3230000000000004,0.0,36.0
3294.0,1.479800000000001,0.0,48.0
3519.0,1.7052000000000014,0.0,60.0
3168.0,1.4602000000000004,0.0,48.0
3633.0,1.519000000000002,0.0,36.0
26541.0,1.029,0.0,30.2
26318.0,0.5879999999999974,0.0,30.6
2695.0,0.872200000000003,0.0,31.0
2581.0,0.940800000000003,0.0,198.6
3002.0,1.0584000000000024,0.0,366.2
3446.0,1.068200000000001,1.0,366.2
3080.0,0.8035999999999994,1.0,198.6
2611.0,0.5585999999999984,0.0,31.0
2792.0,0.519400000000001,0.0,30.2
2841.0,0.48999999999999844,0.0,29.4
2760.0,0.421400000000002,0.0,29.0
2613.0,0.35279999999999134,0.0,29.0
2665.0,0.3332000000000015,0.0,29.0
2649.0,0.2940000000000005,0.0,29.8
2702.0,0.30379999999999896,0.0,30.6
2964.0,0.3038000000000025,0.0,30.8
3001.0,0.2940000000000005,0.0,30.4
2765.0,0.2351999999999954,0.0,30.0
2514.0,0.23520000000000252,0.0,30.4
2641.0,0.215600000000002,0.0,30.8
2599.0,0.2744,0.0,36.6
2524.0,0.284200000000002,0.0,47.8
2489.0,0.2254000000000005,0.0,59.0
2337.0,0.16659999999999897,0.0,71.4
2485.0,0.18619999999999948,0.0,83.8
2650.0,0.20579999999999998,0.0,156.0
2536.0,0.14700000000000202,0.0,288.0
2451.0,0.14699999999999847,1.0,420.0
2761.0,0.23520000000000252,1.0,264.0
3287.0,0.450800000000001,1.0,108.0
3363.0,0.46059999999999945,0.0,30.0
3303.0,0.3626000000000005,0.0,30.0
3234.0,0.30379999999999896,0.0,30.0
3366.0,0.2646000000000015,0.0,29.6
3164.0,0.20579999999999998,0.0,29.2
3096.0,0.18619999999999948,0.0,41.4
3090.0,0.21559999999999846,0.0,66.2
2893.0,0.21559999999999846,0.0,91.0
3034.0,0.215600000000002,0.0,67.0
3806.0,0.245000000000001,0.0,43.0
3920.0,0.18619999999999948,0.0,42.8
4122.0,0.1372,0.0,66.4
2808.0,0.176400000000001,0.0,90.0
3141.0,0.6565999999999974,0.0,65.6
2929.0,0.9211999999999989,0.0,41.2
3327.0,1.4405999999999999,0.0,35.2
3296.0,1.519000000000002,0.0,47.6
2729.0,1.126999999999999,0.0,60.0
2707.0,1.146600000000003,0.0,240.0
3212.0,1.3327999999999989,0.0,420.0
3099.0,1.274000000000001,1.0,414.0
3238.0,1.3131999999999984,1.0,222.0
2977.0,1.136800000000001,0.0,30.0
2624.0,1.0486000000000004,0.0,54.0
2369.0,0.8721999999999994,0.0,78.0
22920.0,4.723599999999998,0.0,78.0
23342.0,6.222999999999999,0.0,54.0
3209.0,2.2049999999999983,0.0,30.0
2546.0,2.6362000000000023,0.0,54.4
2282.0,1.6169999999999973,0.0,78.8
2421.0,0.3626000000000005,0.0,78.8
2614.0,0.32339999999999947,0.0,54.4
3027.0,1.4014000000000024,0.0,30.0
3814.0,2.6361999999999988,0.0,29.6
4765.0,3.645599999999998,0.0,29.2
4317.0,3.821999999999999,0.0,29.2
3813.0,1.3327999999999989,0.0,29.6
3394.0,1.0191999999999979,0.0,30.0
3869.0,0.8231999999999999,0.0,30.0
3803.0,2.646000000000001,0.0,30.0
4055.0,3.753399999999999,0.0,54.2
4799.0,3.6357999999999997,0.0,102.6
5820.0,0.1568000000000005,0.0,151.0
4495.0,0.14700000000000202,0.0,306.2
5398.0,0.12739999999999796,0.0,461.4
5973.0,0.09800000000000253,1.0,437.6
5946.0,0.12739999999999796,1.0,234.8
5735.0,0.20579999999999643,0.0,32.0
4742.0,0.1568000000000005,0.0,42.8
4818.0,0.1372,0.0,53.6
4242.0,0.1372,0.0,53.2
5042.0,0.11759999999999948,0.0,41.6
5108.0,0.10779999999999745,0.0,30.0
4829.0,0.12739999999999796,0.0,42.0
4653.0,3.2830000000000013,0.0,54.0
4085.0,3.6064000000000007,0.0,53.8
3892.0,4.302200000000003,0.0,41.4
3574.0,1.8815999999999988,0.0,29.0
3669.0,1.9011999999999993,0.0,30.2
3960.0,3.4299999999999997,0.0,31.4
4540.0,4.263000000000002,0.0,61.4
4291.0,1.8032000000000004,0.0,120.2
4495.0,1.0976,0.0,179.0
4156.0,0.9310000000000009,0.0,191.8
4397.0,0.7741999999999969,0.0,204.6
4479.0,0.5684000000000005,0.0,186.6
3977.0,0.2940000000000005,0.0,137.8
3869.0,0.254800000000003,0.0,89.0
4744.0,0.3332000000000015,0.0,65.4
5171.0,0.7153999999999989,0.0,41.8
4734.0,1.6953999999999994,0.0,180.2
4861.0,3.2830000000000013,0.0,480.6
82346.0,4.439400000000003,1.0,781.0
80275.0,3.7338000000000022,1.0,528.6
78295.0,3.7338000000000022,1.0,276.2
3840.0,0.6174,0.0,126.0
4860.0,0.588000000000001,0.0,78.0
4893.0,0.33319999999999794,0.0,30.0
4260.0,0.26459999999999795,0.0,30.4
2729.0,0.4018000000000015,0.0,30.8
2224.0,0.3626000000000005,0.0,36.4
1863.0,0.382200000000001,0.0,47.2
2137.0,0.421400000000002,0.0,58.0
2284.0,0.254800000000003,0.0,71.2
2401.0,0.2744,0.0,84.4
2126.0,0.24499999999999744,0.0,78.8
2395.0,0.48019999999999996,0.0,54.4
2376.0,0.5389999999999979,0.0,30.0
2275.0,0.41159999999999997,0.0,30.4
2287.0,0.5684000000000005,0.0,30.8
2342.0,0.3626000000000005,0.0,36.6
2214.0,0.588000000000001,0.0,47.8
2100.0,1.058399999999999,0.0,59.0
2257.0,0.8820000000000014,0.0,47.4
2406.0,0.32339999999999947,0.0,35.8
2672.0,0.8428000000000004,0.0,30.2
2559.0,0.8428000000000004,0.0,30.6
2311.0,1.0779999999999994,0.0,31.0
2088.0,0.49980000000000047,0.0,30.2
2001.0,0.2940000000000005,0.0,29.4
1836.0,0.18619999999999948,0.0,29.2
1826.0,0.14699999999999847,0.0,29.6
2555.0,0.16659999999999897,0.0,30.0
2528.0,0.14700000000000202,0.0,318.8
2067.0,0.07840000000000202,0.0,607.6
2151.0,0.07840000000000202,1.0,613.2
2734.0,0.09799999999999898,1.0,335.6
2733.0,0.1372,0.0,58.0
2102.0,0.1372,0.0,71.2
2042.0,0.07840000000000202,0.0,84.4
2132.0,0.0882000000000005,0.0,78.6
2403.0,0.11759999999999948,0.0,53.8
2586.0,0.107800000000001,0.0,29.0
2365.0,0.09799999999999898,0.0,65.8
2285.0,0.11760000000000304,0.0,102.6
2210.0,0.0882000000000005,0.0,102.6
2167.0,0.07840000000000202,0.0,65.8
1982.0,0.07840000000000202,0.0,29.0
1880.0,0.11759999999999948,0.0,29.4
1865.0,0.107800000000001,0.0,29.8
1959.0,0.08819999999999695,0.0,30.2
2130.0,0.107800000000001,0.0,30.6
2068.0,0.1274000000000015,0.0,31.0
2463.0,0.09800000000000253,0.0,30.6
2307.0,0.107800000000001,0.0,30.2
2275.0,0.09799999999999898,0.0,29.8
1953.0,0.19599999999999795,0.0,29.4
2271.0,0.2940000000000005,0.0,29.0
2466.0,0.284200000000002,0.0,29.4
2513.0,0.23519999999999897,0.0,29.8
2523.0,0.2254000000000005,0.0,36.0
2393.0,0.18619999999999948,0.0,48.0
2459.0,0.19599999999999795,0.0,60.0
2170.0,0.18619999999999948,0.0,96.0
2093.0,0.1960000000000015,0.0,132.0
1949.0,0.176400000000001,0.0,126.0
2000.0,0.1372,0.0,78.0
2052.0,0.15679999999999694,0.0,30.0
2429.0,0.1372,0.0,66.0
2715.0,0.1568000000000005,0.0,102.0
2613.0,0.1372,0.0,275.8
2621.0,0.1568000000000005,0.0,587.4
2397.0,0.12739999999999796,1.0,899.0
2126.0,0.11759999999999948,1.0,575.8
2274.0,0.08820000000001116,1.0,252.6
2156.0,0.07839999999999847,0.0,84.8
1953.0,0.21559999999999846,0.0,72.4
2032.0,0.4410000000000025,0.0,60.0
2231.0,0.9015999999999984,0.0,47.2
2387.0,0.8133999999999979,0.0,34.4
2675.0,0.33319999999999794,0.0,76.4
2708.0,0.48019999999999996,0.0,173.2
2334.0,0.42139999999999844,0.0,270.0
2104.0,0.32339999999999947,0.0,198.4
2027.0,0.37239999999999895,0.0,126.8
1860.0,0.5291999999999994,0.0,79.0
1798.0,0.43120000000000047,0.0,55.0
1888.0,0.2744,0.0,31.0
1892.0,0.284200000000002,0.0,41.4
1843.0,0.37239999999999895,0.0,51.8
1827.0,0.47039999999999793,0.0,57.8
1833.0,0.31359999999999744,0.0,59.4
1865.0,0.382200000000001,0.0,61.0
1945.0,0.41159999999999997,0.0,72.2
1989.0,0.7643999999999984,0.0,83.4
1893.0,0.8819999999999979,0.0,101.6
2184.0,0.4704000000000015,0.0,126.8
2430.0,0.490000000000002,0.0,152.0
2414.0,0.382200000000001,0.0,126.4
2226.0,0.2940000000000005,0.0,100.8
2293.0,0.382200000000001,0.0,76.6
2161.0,0.4704000000000015,0.0,53.8
2095.0,0.3625999999999969,0.0,31.0
1992.0,0.28419999999999845,0.0,30.2
2078.0,0.49980000000000047,0.0,29.4
2122.0,0.32339999999999947,0.0,29.2
2215.0,0.32339999999999947,0.0,29.6
2246.0,0.30379999999999896,0.0,30.0
2362.0,0.24499999999999744,0.0,30.0
2191.0,0.43120000000000047,0.0,30.0
2173.0,0.6271999999999984,0.0,30.2
1977.0,0.45080000000000453,0.0,30.6
1831.0,0.14699999999999847,0.0,31.0
1987.0,0.26459999999999795,0.0,43.0
2254.0,0.32339999999999947,0.0,55.0
2307.0,0.20579999999999998,0.0,54.8
2221.0,1.1073999999999984,0.0,42.4
2096.0,1.1171999999999969,0.0,30.0
2096.0,0.37239999999999895,0.0,29.6
2099.0,0.284200000000002,0.0,29.2
1893.0,0.284200000000002,0.0,29.2
2093.0,0.3626000000000005,0.0,29.6
2100.0,0.7840000000000025,0.0,30.0
2071.0,0.7448000000000015,0.0,29.6
2227.0,0.8917999999999999,0.0,29.2
2314.0,0.4802000000000035,0.0,35.2
2501.0,0.31359999999999744,0.0,47.6
2446.0,0.09799999999999898,0.0,60.0
2533.0,0.07840000000000202,0.0,612.0
2554.0,0.14699999999999847,0.0,1164.0
2629.0,0.215600000000002,1.0,1157.6
2567.0,0.21559999999999846,1.0,592.8
2488.0,0.23520000000000252,0.0,28.0
2626.0,0.215600000000002,0.0,41.6
2646.0,0.21559999999999846,0.0,55.2
2177.0,0.12739999999999796,0.0,61.6
2099.0,0.107800000000001,0.0,60.8
2249.0,0.1568000000000005,0.0,60.0
2346.0,0.17640000000000455,0.0,47.6
2432.0,0.1372,0.0,35.2
2336.0,0.16659999999999897,0.0,29.4
1951.0,0.11759999999999948,0.0,30.2
1942.0,0.1568000000000005,0.0,31.0
1945.0,0.12739999999999796,0.0,54.2
1789.0,0.13719999999999644,0.0,77.4
1795.0,0.107800000000001,0.0,77.4
1855.0,0.107800000000001,0.0,54.2
1818.0,0.1568000000000005,0.0,31.0
1832.0,0.16660000000000252,0.0,30.6
1924.0,0.14699999999999136,0.0,30.2
1825.0,0.14699999999999847,0.0,35.8
1970.0,0.245000000000001,0.0,47.4
1922.0,0.23520000000000962,0.0,59.0
1904.0,0.19599999999999795,0.0,71.4
1908.0,0.18619999999999948,0.0,83.8
1836.0,0.1568000000000005,0.0,96.0
1797.0,0.17639999999999745,0.0,108.0
1858.0,0.1372,0.0,120.0
1893.0,0.11759999999999948,0.0,95.6
1959.0,0.1568000000000005,0.0,71.2
1885.0,0.1274000000000015,0.0,59.4
2049.0,0.1372,0.0,60.2
2013.0,0.12739999999999796,0.0,61.0
2324.0,0.14700000000000202,0.0,49.0
2303.0,0.1372,0.0,37.0
2231.0,0.176400000000001,0.0,30.4
2108.0,0.16659999999999897,0.0,29.2
1945.0,0.12739999999999796,0.0,28.0
2138.0,0.16660000000000252,0.0,28.8
2348.0,0.26460000000000505,0.0,29.6
1943.0,0.2254000000000005,0.0,30.4
2041.0,0.0686,0.0,31.2
2169.0,0.10779999999999745,0.0,32.0
2096.0,0.0686,0.0,30.4
1930.0,0.058799999999997965,0.0,28.8
2011.0,0.04900000000000304,0.0,46.8
2220.0,0.5390000000000015,0.0,84.4
4119.0,0.8917999999999999,0.0,122.0
6140.0,0.8917999999999999,0.0,84.8
6031.0,0.6174000000000035,0.0,47.6
5521.0,1.3621999999999979,0.0,47.2
7231.0,1.519000000000002,0.0,83.6
10080.0,1.7051999999999978,0.0,120.0
15451.0,1.176000000000002,0.0,84.0
18218.0,1.1858000000000004,0.0,48.0
13713.0,1.068200000000001,0.0,30.2
6001.0,0.8721999999999994,0.0,30.6
2815.0,0.7643999999999984,0.0,31.0
2720.0,0.8820000000000014,0.0,30.2
3029.0,0.6663999999999994,0.0,29.4
2809.0,0.5095999999999989,0.0,35.2
2646.0,0.09799999999999898,0.0,47.6
2524.0,0.1372,0.0,60.0
2480.0,0.1568000000000005,0.0,47.6
2303.0,0.1372,0.0,35.2
2071.0,0.09799999999999898,0.0,299.0
2097.0,0.107800000000001,0.0,839.0
1891.0,0.1372,1.0,1379.0
2014.0,0.1568000000000005,1.0,875.4
2143.0,0.107800000000001,1.0,371.8
2279.0,0.11759999999999948,0.0,102.0
2226.0,0.13720000000000354,0.0,66.0
2795.0,0.1274000000000015,0.0,30.0
2799.0,0.1568000000000005,0.0,30.0
2678.0,0.2254000000000005,0.0,30.0
2395.0,0.22539999999999694,0.0,36.0
2879.0,0.2940000000000005,0.0,48.0
2666.0,0.284200000000002,0.0,60.0
2551.0,0.18619999999999948,0.0,84.4
2367.0,0.11759999999999948,0.0,108.8
2017.0,0.09799999999999898,0.0,108.8
1894.0,0.10779999999999745,0.0,84.4
2046.0,0.1568000000000005,0.0,60.0
2337.0,0.313600000000001,0.0,59.6
2664.0,0.2744,0.0,59.2
2864.0,0.2744,0.0,53.4
2963.0,0.41159999999999997,0.0,42.2
2769.0,0.39199999999999946,0.0,31.0
2612.0,0.32339999999999947,0.0,30.2
2562.0,0.25479999999999947,0.0,29.4
2622.0,0.26459999999999795,0.0,35.2
2996.0,0.34299999999999997,0.0,47.6
2913.0,0.33319999999999794,0.0,60.0
2776.0,0.29399999999999693,0.0,48.0
2762.0,0.24499999999999744,0.0,36.0
2940.0,0.20580000000000354,0.0,36.2
2743.0,0.1568000000000005,0.0,48.6
2529.0,0.18619999999999948,0.0,61.0
2423.0,0.11759999999999948,0.0,72.2
2674.0,0.09799999999999898,0.0,83.4
2939.0,0.1274000000000015,0.0,89.4
2821.0,0.08819999999999695,0.0,90.2
2817.0,0.07839999999999847,0.0,91.0
2968.0,0.8133999999999979,0.0,66.2
2978.0,0.8231999999999999,0.0,41.4
2910.0,0.245000000000001,0.0,29.2
2789.0,0.3332000000000015,0.0,29.6
2357.0,0.4018000000000015,0.0,30.0
2155.0,0.34299999999999997,0.0,78.4
2165.0,0.35279999999999845,0.0,126.8
2237.0,0.26459999999999795,0.0,126.8
2174.0,0.34299999999999997,0.0,78.4
2185.0,0.23519999999999897,0.0,30.0
2456.0,1.6071999999999989,0.0,30.4
2959.0,2.3813999999999993,0.0,30.8
3330.0,2.155999999999999,0.0,30.6
3174.0,1.1073999999999984,0.0,29.8
2800.0,0.764400000000002,0.0,29.0
2536.0,0.5781999999999989,0.0,53.4
2473.0,0.5781999999999989,0.0,77.8
2636.0,0.14700000000000202,0.0,83.8
2491.0,0.1372,0.0,71.4
2556.0,0.0882000000000005,0.0,59.0
2162.0,0.11759999999999948,0.0,47.8
2090.0,0.1372,0.0,36.6
2431.0,0.176400000000001,0.0,42.8
2795.0,0.16659999999999897,0.0,66.4
2641.0,0.1568000000000005,0.0,90.0
2914.0,0.11759999999999948,0.0,690.0
3150.0,0.46059999999999945,0.0,1290.0
3036.0,0.5291999999999959,1.0,1278.2
2661.0,0.764400000000002,1.0,654.6
2599.0,0.725200000000001,0.0,31.0
2489.0,0.43120000000000047,0.0,30.2
2250.0,0.0882000000000005,0.0,29.4
2234.0,0.1372,0.0,29.4
2155.0,0.14699999999999847,0.0,30.2
2075.0,0.14699999999999847,0.0,31.0
2334.0,0.21559999999999846,0.0,42.6
2581.0,0.3626000000000005,0.0,54.2
2761.0,0.35279999999999845,0.0,53.8
2899.0,0.37239999999999895,0.0,41.4
2438.0,0.39199999999999946,0.0,29.0
1978.0,0.1274000000000015,0.0,29.4
2155.0,0.25479999999999947,0.0,29.8
2400.0,0.23519999999999897,0.0,30.0
2676.0,0.19599999999999795,0.0,30.0
2699.0,0.14699999999999847,0.0,30.0
2395.0,0.176400000000001,0.0,30.4
2197.0,0.14700000000000912,0.0,30.8
2429.0,0.176400000000001,0.0,30.6
2348.0,0.16660000000000252,0.0,29.8
2421.0,0.1568000000000005,0.0,29.0
2424.0,0.1568000000000005,0.0,29.8
2189.0,0.11760000000000304,0.0,30.6
2134.0,0.1372,0.0,30.6
2214.0,0.14700000000000202,0.0,29.8
2229.0,0.1372,0.0,29.0
2094.0,0.1274000000000015,0.0,29.4
2029.0,0.1274000000000015,0.0,29.8
2159.0,0.20579999999999998,0.0,48.2
2278.0,0.23520000000000252,0.0,84.6
2370.0,0.18619999999999948,0.0,121.0
2491.0,0.20579999999999998,0.0,144.2
2401.0,0.19599999999999795,0.0,167.4
2769.0,0.14700000000000202,0.0,149.6
2649.0,0.176400000000001,0.0,90.8
2561.0,0.2058000000000071,0.0,32.0
2181.0,0.215600000000002,0.0,30.8
2071.0,0.1960000000000015,0.0,29.6
2220.0,0.16660000000000252,0.0,47.2
2136.0,0.1568000000000005,0.0,83.6
2047.0,0.14700000000000202,0.0,120.0
2099.0,0.1568000000000005,0.0,108.0
2169.0,0.16659999999999897,0.0,96.0
2013.0,0.14700000000000202,0.0,95.8
1797.0,0.0882000000000005,0.0,107.4
1793.0,0.0882000000000005,0.0,119.0
1922.0,0.1372,0.0,131.8
1823.0,0.10779999999999745,0.0,144.6
1706.0,0.0882000000000005,0.0,126.4
1714.0,0.12739999999999796,0.0,77.2
2188.0,0.1568000000000005,0.0,28.0
2369.0,0.14699999999999847,0.0,533.2
2496.0,0.11759999999999948,0.0,1038.4
2399.0,0.11759999999999948,1.0,1045.2
2433.0,0.11760000000000304,1.0,553.6
2498.0,0.1372,0.0,62.0
2401.0,0.1274000000000015,0.0,48.8
2341.0,0.09800000000000253,0.0,35.6
2278.0,0.09799999999999898,0.0,29.0
1982.0,0.11759999999999948,0.0,29.0
2090.0,0.176400000000001,0.0,29.0
2335.0,0.48019999999999996,0.0,52.6
2191.0,0.7153999999999989,0.0,76.2
1890.0,0.8134000000000015,0.0,76.6
1955.0,0.8624000000000009,0.0,53.8
2255.0,1.0192000000000014,0.0,31.0
2701.0,1.126999999999999,0.0,43.0
2371.0,0.9897999999999989,0.0,55.0
2415.0,1.0192000000000014,0.0,60.8
2129.0,0.8819999999999979,0.0,60.4
2040.0,0.8525999999999989,0.0,60.0
1891.0,0.7839999999999989,0.0,48.0
1920.0,0.7153999999999989,0.0,36.0
2158.0,0.793800000000001,0.0,35.8
2030.0,0.695800000000002,0.0,47.4
2044.0,0.9114000000000004,0.0,59.0
2071.0,0.9506000000000014,0.0,59.8
2100.0,1.0878000000000014,0.0,60.6
20193.0,0.9996000000000009,0.0,54.8
20474.0,0.5879999999999974,0.0,42.4
20612.0,0.8624000000000009,0.0,30.0
2764.0,0.8231999999999999,0.0,29.6
2910.0,0.7447999999999979,0.0,29.2
2469.0,0.6762000000000015,0.0,29.4
2238.0,0.7447999999999979,0.0,30.2
2113.0,0.8035999999999994,0.0,31.0
2281.0,0.7349999999999994,0.0,30.2
2339.0,0.5390000000000015,0.0,29.4
2761.0,0.44099999999999895,0.0,59.6
2853.0,0.4311999999999969,0.0,120.8
2726.0,0.4507999999999974,0.0,182.0
2370.0,0.37239999999999895,0.0,132.4
2494.0,0.3038000000000025,0.0,82.8
2761.0,0.28419999999999845,0.0,58.4
2822.0,0.2646000000000015,0.0,59.2
2977.0,0.25479999999999947,0.0,60.0
2596.0,0.2254000000000005,0.0,60.0
2367.0,0.22539999999999694,0.0,60.0
2160.0,0.215600000000002,0.0,66.4
2130.0,0.284200000000002,0.0,79.2
2231.0,0.245000000000001,0.0,92.0
2129.0,0.22539999999999694,0.0,66.8
2216.0,0.14699999999999847,0.0,41.6
2248.0,0.18620000000000303,0.0,41.2
2251.0,0.254800000000003,0.0,65.6
2183.0,0.245000000000001,0.0,90.0
2410.0,0.16659999999999897,0.0,78.0
2119.0,0.14700000000000202,0.0,66.0
2541.0,0.245000000000001,0.0,336.0
2609.0,0.313600000000001,0.0,888.0
2284.0,0.215600000000002,1.0,1440.0
2298.0,0.20579999999999998,1.0,875.6
2456.0,0.20579999999999998,1.0,311.2
2637.0,0.16659999999999897,0.0,35.6
2427.0,0.14700000000000202,0.0,48.8
2380.0,0.14700000000000202,0.0,62.0
2069.0,0.1274000000000015,0.0,84.4
2274.0,0.1568000000000005,0.0,106.8
2430.0,0.1274000000000015,0.0,100.4
2521.0,0.14699999999999847,0.0,65.2
2500.0,0.14700000000000202,0.0,30.0
2463.0,0.21559999999999846,0.0,78.4
2243.0,0.22539999999999694,0.0,126.8
2157.0,0.12739999999999796,0.0,144.8
2108.0,0.09800000000000253,0.0,132.4
2310.0,0.1568000000000005,0.0,120.0
2265.0,0.16660000000000252,0.0,156.4
2298.0,0.0882000000000005,0.0,192.8
2186.0,0.04899999999999949,0.0,192.4
2311.0,0.08819999999999695,0.0,155.2
2241.0,0.09799999999999898,0.0,118.0
2298.0,0.107800000000001,0.0,83.2
2538.0,0.0882000000000005,0.0,48.4
2882.0,0.0882000000000005,0.0,54.6
2900.0,0.12739999999999796,0.0,101.8
2905.0,0.1274000000000015,0.0,149.0
2301.0,0.09799999999999898,0.0,126.2
2191.0,0.08819999999999695,0.0,103.4
2190.0,0.05880000000000152,0.0,79.4
2142.0,0.107800000000001,0.0,54.2
2341.0,0.0882000000000005,0.0,29.0
2134.0,0.07839999999999847,0.0,53.4
2098.0,0.0686,0.0,77.8
2275.0,0.0882000000000005,0.0,78.2
2131.0,0.176400000000001,0.0,54.6
2136.0,0.23519999999999897,0.0,31.0
2249.0,0.490000000000002,0.0,29.8
2369.0,1.7835999999999999,0.0,28.6
2357.0,2.5185999999999993,0.0,28.4
2528.0,2.3127999999999993,0.0,29.2
2329.0,1.205400000000001,0.0,30.0
2573.0,0.8133999999999979,0.0,29.6
2466.0,0.5684000000000005,0.0,29.2
2875.0,0.4410000000000025,0.0,35.6
3003.0,0.37239999999999895,0.0,48.8
2571.0,0.3724000000000096,0.0,62.0
2014.0,0.382200000000001,0.0,61.6
2042.0,0.16660000000000252,0.0,61.2
2160.0,0.215600000000002,0.0,66.4
2190.0,0.3332000000000015,0.0,77.2
2375.0,0.5782000000000025,0.0,88.0
2812.0,0.558600000000002,0.0,64.8
2759.0,0.666400000000003,0.0,41.6
2426.0,0.7545999999999999,0.0,36.2
2319.0,0.5291999999999994,0.0,48.6
2256.0,0.3332000000000015,0.0,61.0
2578.0,0.2940000000000005,0.0,48.2
2282.0,0.4018000000000015,0.0,35.4
2377.0,0.5095999999999989,0.0,29.2
2191.0,0.382200000000001,0.0,29.6
2284.0,0.421400000000002,0.0,30.0
2452.0,0.5389999999999979,0.0,30.0
2439.0,0.519400000000001,0.0,30.0
2196.0,0.37239999999999895,0.0,30.4
2348.0,0.36260000000000403,0.0,31.2
2495.0,0.31359999999999744,0.0,32.0
1561.0,0.19599999999999795,0.0,34.54545454545455
645.0,0.0882000000000005,0.0,38.46153846153846
